MaxReturn,LossAfter,dLoss,NumTrajs,Iteration,AverageDiscountedReturn,MinReturn,StdReturn,LossBefore,Entropy,Perplexity,MeanKL,ExplainedVariance,AverageReturn
-855.856110109,-0.00602179694889,0.00602179694889,19,0,-1001.02082621,-1467.68737926,145.326904954,8.46632337961e-17,2.17110484431,8.76796592854,0.000647580573079,1.21125331987e-13,-1098.61437471
-858.543138716,-0.00805025071783,0.00805025071783,20,1,-1024.62748941,-1458.46656754,135.003157593,-6.06333354784e-17,2.17427919634,8.79584276101,0.000900563168883,0.925797482581,-1125.31899772
-882.059767223,-0.00888106741783,0.00888106741783,20,2,-1054.33088627,-1766.28778105,188.709421095,2.87392092661e-17,2.16938381617,8.75288899007,0.000890197986177,0.901218467816,-1158.07633275
-943.870010731,-0.00770806188124,0.00770806188124,15,3,-1025.08113411,-1365.7057677,115.287603865,6.99090960034e-18,2.17587491964,8.80988969674,0.000665341279794,0.947121424441,-1139.21260062
-889.703479958,-0.0068164865397,0.0068164865397,18,4,-998.225345414,-1316.79831815,115.852817107,-2.32638336076e-17,2.16805061562,8.74122740897,0.000890502086131,0.921948900595,-1100.39980581
-887.189597923,-0.00532825178832,0.00532825178832,18,5,-1016.49077212,-1341.63208027,117.377220491,-7.94009268003e-17,2.16825849006,8.74304467565,0.000678310759149,0.939881516485,-1118.92046113
-846.383664217,-0.00753616062605,0.00753616062605,21,6,-973.146218407,-1427.76543505,150.422367852,-8.217111202e-17,2.16085272353,8.67853489506,0.000739099161489,0.906920960757,-1059.79776238
-928.174968498,-0.00558428326289,0.00558428326289,16,7,-1027.44614697,-1278.74270982,102.051505539,-1.02909958547e-16,2.17697363275,8.81957455757,0.000680170769896,0.938349739089,-1137.0143632
-927.153556694,-0.00715063649863,0.00715063649863,21,8,-964.557518867,-1240.63840896,75.5454790938,-2.53739090612e-16,2.16068399894,8.67707073627,0.000926000018828,0.941241825336,-1050.60441238
-792.141365424,-0.00651460619263,0.00651460619263,22,9,-953.280333841,-1266.36000965,120.610156499,-1.78611704181e-16,2.15853026742,8.65840276565,0.000830453832566,0.926775033418,-1040.81712227
-880.192536673,-0.00700941139109,0.00700941139109,21,10,-945.959653632,-1290.90988599,122.739369172,-5.93332304964e-17,2.15465201301,8.62488830776,0.00074613939797,0.928744536315,-1027.749973
-880.763770073,-0.00670455538625,0.00670455538625,19,11,-974.994595792,-1305.33417385,108.665140813,-1.85223787002e-16,2.16117165893,8.68130322843,0.000896189683717,0.914728470864,-1068.88957785
-832.138078315,-0.00934535596752,0.00934535596752,19,12,-964.172205297,-1230.98177755,124.150167728,1.5056946249e-17,2.15583559475,8.6351026116,0.000992045363931,0.926123742955,-1053.54617187
-836.536177594,-0.00639553290119,0.00639553290119,21,13,-979.414144747,-1221.49981284,104.617480248,1.34596124687e-16,2.15785302709,8.65254093131,0.000902413288536,0.946143247644,-1068.52660434
-931.945984387,-0.00720251916895,0.00720251916895,20,14,-1028.71615312,-1432.00563564,127.370964348,-3.08832724738e-17,2.15363294425,8.6161034305,0.000675551957033,0.92811298123,-1126.66543332
-861.452764457,-0.0061938865731,0.0061938865731,21,15,-977.082324917,-1370.73869554,133.146211369,-1.25166356345e-16,2.15496917987,8.62762427035,0.000706199229839,0.918483870213,-1067.57295604
-844.115566349,-0.00589230531994,0.00589230531994,24,16,-918.625323638,-1245.42022181,122.600443941,1.07912669464e-16,2.14163513387,8.51334671578,0.000659749482167,0.906151696725,-997.43254174
-824.531191359,-0.00658337776044,0.00658337776044,18,17,-966.564808046,-1320.81178066,152.614693861,1.86023659876e-17,2.16447061752,8.70998978013,0.000681728680167,0.90609417323,-1062.32524197
-797.688648751,-0.0087345690688,0.0087345690688,20,18,-989.021441731,-1295.28315327,117.589527479,-4.93064770996e-17,2.15390861017,8.61847892399,0.000804568914745,0.932980487956,-1084.84161647
-800.262764853,-0.00868328531681,0.00868328531681,21,19,-929.545975259,-1357.61398871,134.31682611,8.23771250643e-17,2.14506870655,8.54262815163,0.000948891805052,0.900513568636,-1010.96511388
-817.030248291,-0.00798491667386,0.00798491667386,19,20,-949.864840959,-1209.43041246,113.813137268,-3.0585750589e-17,2.14129049959,8.5104132301,0.00098805203878,0.935348522085,-1033.03268733
-819.98301288,-0.00658695954533,0.00658695954533,24,21,-919.969111571,-1224.78119212,114.912179738,9.94296122455e-17,2.12100888612,8.33954689804,0.000758098886463,0.915723536605,-996.45501227
-818.812651729,-0.00837195539055,0.00837195539055,22,22,-922.603568434,-1263.29869416,109.341238499,-1.04662596102e-16,2.1251403818,8.37407297306,0.000915534566183,0.929483519524,-1000.55654498
-772.229995215,-0.00918249967244,0.00918249967244,21,23,-919.745303895,-1176.31415367,112.219956957,-6.70973009853e-17,2.13172955149,8.42943335005,0.000941370023138,0.930602649715,-997.780141505
-878.396967117,-0.00705682247611,0.00705682247611,20,24,-931.919493858,-1221.4467705,96.1440473543,9.63643323759e-17,2.12547422294,8.3768690498,0.00099351220801,0.946500563008,-1013.78623903
-820.112130863,-0.00575595002882,0.00575595002882,23,25,-918.867656725,-1243.82226231,108.271232248,1.01223418869e-16,2.10152278673,8.17861472077,0.000675492697173,0.93116899366,-991.530051074
-771.440738437,-0.00923362505869,0.00923362505869,21,26,-899.67851943,-1252.39390201,147.151320795,-4.83060303776e-17,2.12307700345,8.35681190637,0.000863016087801,0.886570713683,-976.139110057
-823.721919271,-0.0085958332576,0.0085958332576,20,27,-959.070350689,-1310.84639077,139.510187997,-9.25331897399e-17,2.12180688081,8.34620446817,0.000947113025594,0.902366936676,-1045.33883608
-790.466185766,-0.00937465955174,0.00937465955174,23,28,-942.13265123,-1474.47508687,166.223440675,7.39575368844e-18,2.09926817616,8.16019590099,0.00091376728382,0.893014827782,-1023.62483667
-736.245636854,-0.00968402811039,0.00968402811039,22,29,-903.211905154,-1238.76778436,121.175165028,-2.20209525545e-18,2.0947071423,8.1230617207,0.00086307044337,0.912269717109,-975.63806887
-824.573159516,-0.0051540481254,0.0051540481254,18,30,-928.455969315,-1234.43483395,123.317069951,-3.25197692098e-17,2.11388780389,8.28037124621,0.000653135656898,0.915365845857,-1011.58072589
-810.63819181,-0.00789024602173,0.00789024602173,23,31,-894.34031072,-1167.08796913,121.929676007,-1.28476375945e-16,2.09120418177,8.0946567359,0.000828862260558,0.912840106309,-965.836095939
-808.148937463,-0.00639946041262,0.00639946041262,21,32,-906.671053398,-1248.87397828,126.199582224,1.73321969092e-16,2.09909925148,8.15881755894,0.000656776621332,0.900297147769,-984.945230092
-778.935300021,-0.00836516514826,0.00836516514826,20,33,-917.765554281,-1390.44479897,149.364972385,-1.32973109188e-16,2.09567932396,8.13096265224,0.000780764194702,0.902319416345,-996.112085612
-787.387831133,-0.00656950763756,0.00656950763756,24,34,-907.349216247,-1161.24477851,117.34374906,-8.23921730547e-17,2.06869689744,7.91450298612,0.000669924359637,0.924547815806,-979.630809321
-787.41414325,-0.0102469541855,0.0102469541855,19,35,-925.477901136,-1261.594248,122.841769596,1.20575600001e-17,2.10183186865,8.18114297337,0.000960783123747,0.915227925655,-1007.86935917
-821.607429298,-0.00803218462599,0.00803218462599,22,36,-921.812895654,-1206.03806234,105.717912621,-3.01739271281e-18,2.07668118921,7.97794763039,0.00085752282373,0.94076736036,-998.125477843
-740.419724891,-0.00601173818983,0.00601173818983,24,37,-866.550537292,-1125.44072865,104.656559927,1.15317808213e-16,2.04659448728,7.74149241335,0.000690706234583,0.915629591992,-931.462375002
-790.259778791,-0.00747152269711,0.00747152269711,20,38,-910.704983194,-1175.94835171,119.110384581,-2.53522914791e-17,2.07844957322,7.99206818703,0.000678419799562,0.917050523476,-988.450889609
-772.516611711,-0.00635146197983,0.00635146197983,21,39,-897.735866067,-1150.56107785,102.839033997,-3.11578719814e-17,2.07740287595,7.98370728747,0.000660034219379,0.939685333836,-972.639341151
-789.481379668,-0.00813002099515,0.00813002099515,23,40,-947.584638935,-1628.17680465,190.850268245,1.46295928079e-16,2.04917493764,7.76149474669,0.000942872470934,0.827139909024,-1028.41126899
-772.61265038,-0.00709631364598,0.00709631364598,25,41,-908.050729744,-1209.65520309,114.919199843,7.56771407644e-17,2.03645247554,7.66337491036,0.000802330709148,0.897636312129,-981.856914047
-789.689758973,-0.00566643894497,0.00566643894497,25,42,-888.552087881,-1153.80804799,112.959644489,-8.27679938475e-17,2.04010075149,7.69138407824,0.000656812039424,0.928650610448,-958.484907782
-775.617137137,-0.00744331769637,0.00744331769637,21,43,-911.537261026,-1239.29739412,113.671977679,2.89232859166e-17,2.06137340114,7.85675287728,0.00072293903618,0.917653022796,-988.850122496
-827.619694075,-0.00674090512648,0.00674090512648,26,44,-880.214762868,-1165.32596894,92.1251394972,-2.98656486156e-17,2.01575364112,7.50638236841,0.000779615504909,0.933312555081,-946.511802368
-767.849705069,-0.00768809874055,0.00768809874055,21,45,-881.274260941,-1199.9783775,112.164245992,-4.59402630879e-17,2.04649303762,7.74070708142,0.000677219915548,0.927174219335,-952.261852645
-765.078844823,-0.00770086592818,0.00770086592818,24,46,-900.311116631,-1279.40590861,124.733970139,-1.04524341616e-16,2.02394174487,7.56809772713,0.00095136453943,0.902018292039,-971.680514018
-767.224957249,-0.00828588173359,0.00828588173359,31,47,-868.233021472,-1127.42293676,83.533104235,1.71051803213e-17,1.96160002542,7.11069526123,0.000709697537146,0.94442132424,-926.990047965
-783.953772665,-0.00854902051346,0.00854902051346,26,48,-866.716326614,-1234.45365638,110.267791763,-1.26556287169e-17,1.99232934298,7.33259401141,0.000993693459522,0.912805228443,-929.933077875
-783.508386563,-0.00585589312803,0.00585589312803,28,49,-873.540507906,-1182.17534074,96.4131062568,3.91732636339e-17,1.96419955138,7.12920374435,0.000678441587529,0.941779343319,-935.681383866
-738.307448014,-0.00744044446492,0.00744044446492,28,50,-856.801540107,-1120.96788238,110.555902915,3.69149155688e-16,1.9380629704,6.94528471053,0.000685727007247,0.916747793268,-916.163154185
-778.152410878,-0.00705715835727,0.00705715835727,29,51,-834.784425479,-1156.78350136,95.2673489148,-8.12364136564e-17,1.93357679529,6.9141967323,0.000692206738534,0.928523708745,-891.596215006
-764.20931129,-0.00756449499534,0.00756449499534,28,52,-856.110505777,-1129.83849815,99.1287369612,7.05837154729e-17,1.93946125918,6.95500301711,0.000740500170253,0.922635621613,-916.393421136
-760.642413912,-0.00783019505479,0.00783019505479,28,53,-841.878005602,-1179.69276111,85.4301570473,2.24152017051e-17,1.92702320512,6.86903207752,0.000707590833953,0.943618271868,-898.832289392
-754.612312546,-0.00773447279759,0.00773447279759,29,54,-844.364173792,-1235.02121093,107.232908596,4.46533392631e-17,1.91341838718,6.77621297184,0.000647275995218,0.933979999939,-901.593758556
-730.460825525,-0.0111658081133,0.0111658081133,24,55,-871.473025909,-1498.69644828,174.802270493,-2.02780461119e-18,1.9259443116,6.86162511973,0.000897394836091,0.871159882678,-934.883950689
-718.061686387,-0.00765835615669,0.00765835615669,29,56,-812.192742151,-1067.68436221,93.5777394616,3.05432960061e-16,1.89270277421,6.63728353897,0.000672124161156,0.913074017462,-865.693349849
-758.863012573,-0.00696481388976,0.00696481388976,28,57,-847.644419455,-1224.12364992,112.40760953,6.38428430074e-17,1.87945923956,6.54996194406,0.00064906263725,0.907129808187,-905.791806534
-720.651137566,-0.00986281080891,0.00986281080891,29,58,-796.907645755,-1044.27940071,97.7820964896,-3.7661275747e-17,1.8815593124,6.56373179498,0.000923762193838,0.90711993049,-848.645889703
-745.258576573,-0.00777147261799,0.00777147261799,29,59,-827.182921235,-1117.59897069,96.8935892629,4.89201174439e-17,1.86171164771,6.43474136106,0.000681138863594,0.909787868223,-882.614955907
-750.906074916,-0.00640625508855,0.00640625508855,35,60,-806.72046634,-1111.33749496,93.5922477168,-4.87244507761e-17,1.81787984112,6.15878699106,0.000649814689976,0.914000565929,-857.601049648
-753.122885876,-0.00847074991196,0.00847074991196,35,61,-792.551443405,-1008.37543213,60.7037083563,1.94264746216e-19,1.79283385194,6.0064497604,0.00099336603243,0.959370346249,-840.513344495
-723.521038676,-0.0128009488207,0.0128009488207,36,62,-784.867234086,-1095.77532176,76.2810996268,-3.72880233066e-17,1.80453132766,6.07712260169,0.000917006172736,0.924557145278,-832.372203097
-731.651618249,-0.00721208802602,0.00721208802602,24,63,-830.810603965,-1110.08462303,113.736389489,4.36020163349e-17,1.90046275546,6.68898909239,0.000689533958309,0.892835905362,-892.521990631
-739.739568202,-0.00739605697239,0.00739605697239,27,64,-809.81847766,-1087.68234177,105.029935793,6.97640143852e-17,1.87666741366,6.53170109304,0.000656702414981,0.910425793827,-865.671781733
-716.245854471,-0.00667533454441,0.00667533454441,25,65,-826.340560662,-1093.92973474,106.970627835,-2.20631462041e-16,1.88103281892,6.56027694256,0.000658610077362,0.913479224518,-885.233866962
-727.952148939,-0.00942173361923,0.00942173361923,31,66,-801.084524941,-1103.81068147,103.615204891,8.40788521231e-18,1.80308002775,6.06830927115,0.000964507995152,0.899030459695,-853.239418758
-732.677242989,-0.00826288182528,0.00826288182528,31,67,-796.885357434,-1123.95309113,98.5886085258,-2.27306443609e-17,1.75200664073,5.76616168964,0.000670750733464,0.905200786717,-847.281239978
-727.032735172,-0.0104231270784,0.0104231270784,33,68,-800.331493262,-1105.03809595,92.5964819012,-1.29621154332e-17,1.73761221271,5.68375560735,0.000883673114848,0.922822373304,-850.731559182
-719.865218147,-0.0120466120706,0.0120466120706,34,69,-793.526490693,-1218.64432068,92.1861685032,-9.69290604148e-17,1.6721285429,5.32348701666,0.000916475897131,0.923825554708,-840.671287331
-713.523152753,-0.0124421343098,0.0124421343098,31,70,-805.400514475,-1083.2646501,91.6410809711,1.81237161815e-17,1.73509395876,5.66946047423,0.000856975793816,0.894478784991,-857.386548735
-718.749262924,-0.00691057753395,0.00691057753395,34,71,-775.081493244,-1038.25699344,70.9744046224,8.69431232661e-17,1.68948999248,5.41671743394,0.000674869125196,0.939502285259,-821.620157579
-739.507696004,-0.00758336238995,0.00758336238995,31,72,-798.881952031,-1107.51645066,108.933948309,-9.14930781739e-17,1.75476550937,5.78209173662,0.000990485211943,0.890182401105,-852.396852444
-709.749374098,-0.00863304316324,0.00863304316324,35,73,-763.243254913,-1023.71122051,69.4217392779,7.55621618915e-17,1.65343712721,5.2249076717,0.000960515368662,0.930005232431,-808.074488039
-721.877375811,-0.00703963375023,0.00703963375023,29,74,-799.884020138,-1077.600991,95.3275834658,-9.95757448742e-17,1.73642568908,5.67701569633,0.000747673828292,0.913365833678,-853.057475488
-717.604166847,-0.00688188990283,0.00688188990283,31,75,-792.184606188,-1116.43399016,113.359604744,-2.65284870095e-16,1.70905855924,5.52375873736,0.000663857558903,0.877646600889,-844.78049139
-698.243757697,-0.00918148676915,0.00918148676915,34,76,-768.404141213,-1063.07743487,95.5871933068,-1.50794298761e-18,1.64503082387,5.1811696082,0.00074814576718,0.908753286479,-814.913631365
-715.497171039,-0.00759777310774,0.00759777310774,33,77,-773.856761531,-1036.07769377,85.206289011,8.21992047078e-17,1.6328438692,5.11841012925,0.000654616831116,0.912996748723,-821.997443677
-711.727383676,-0.00746889301203,0.00746889301203,32,78,-771.592149075,-1024.035223,81.9293101026,-5.44069511164e-17,1.61056936178,5.00566044839,0.000772676858695,0.918798359181,-818.48989816
-707.331022389,-0.00622974702156,0.00622974702156,37,79,-748.63038399,-1036.47270905,68.0226106689,-9.47847051667e-17,1.57794511623,4.84498968445,0.000740833419202,0.941437965809,-791.664336296
-710.191269592,-0.00663937761326,0.00663937761326,39,80,-737.006658027,-975.568767945,46.70260219,-5.4971254977e-17,1.51817890573,4.56390631907,0.000659687858425,0.97125157276,-776.746668159
-710.522794596,-0.0115259956198,0.0115259956198,31,81,-764.002748481,-1100.97955549,97.1633698993,4.94847861814e-18,1.62071872646,5.05672341174,0.000973020355052,0.869931264676,-811.195458055
-705.735797164,-0.00683395850994,0.00683395850994,33,82,-758.422870714,-1088.0363928,92.3145042592,-1.06208061028e-16,1.57304677387,4.82131529621,0.00071769804308,0.90096143588,-803.57259876
-732.451825643,-0.00803301235838,0.00803301235838,34,83,-755.654348919,-1082.94750683,78.6795877389,-5.12487773788e-17,1.53163938553,4.62575400383,0.000895299266045,0.914183408102,-799.690062645
-691.795293783,-0.00830754928755,0.00830754928755,34,84,-757.477206771,-1056.60474665,75.7478708879,1.79580740757e-17,1.55043864121,4.7135372809,0.000686274409843,0.935371493191,-802.363424245
-722.725984006,-0.00770540740487,0.00770540740487,34,85,-755.576377733,-1163.38972831,84.8248785485,1.41049006143e-17,1.5435443814,4.68115269241,0.000664399896721,0.913326462901,-800.260079429
-704.460588265,-0.00760304785788,0.00760304785788,31,86,-757.995297236,-1029.2026969,82.2888742989,7.27048706392e-17,1.5657447785,4.78623829617,0.000658893774073,0.919480749839,-803.846923912
-706.236646378,-0.00839004415217,0.00839004415217,39,87,-736.924842995,-857.501932201,39.5427214529,8.10025231532e-17,1.40206393921,4.06357829628,0.000680950455668,0.969664535542,-776.510987253
-707.763223356,-0.00831475430268,0.00831475430268,30,88,-755.285487726,-1042.13777635,88.0494100667,4.02747876728e-17,1.54711681739,4.6979057175,0.000669358952169,0.813250834482,-801.010306277
-690.938298857,-0.0104246583964,0.0104246583964,38,89,-729.064675058,-1080.59714422,61.2199583734,-6.10168068129e-17,1.42680699361,4.16537785759,0.000960505915569,0.944329715315,-768.339273381
-694.563406672,-0.0113634016694,0.0113634016694,40,90,-726.897191462,-841.233047605,32.9620165865,-2.01083754686e-17,1.39099452954,4.01884492616,0.000982379526476,0.985291112619,-765.395877353
-715.06641098,-0.0105907116901,0.0105907116901,31,91,-751.689522198,-1078.38400572,88.3634140655,-2.39800009914e-18,1.50104878922,4.48639188321,0.000881748782801,0.661631119739,-796.420463241
-675.021699923,-0.00849063998823,0.00849063998823,38,92,-721.78928937,-960.856076889,46.1567288637,3.57330734739e-17,1.38099436792,3.97885610794,0.000866852697464,0.965844237508,-760.259764314
-694.893332337,-0.00816092407627,0.00816092407627,38,93,-723.039604331,-924.549637023,44.8417633219,2.79904695538e-17,1.37408312589,3.95145207738,0.000892104331153,0.972608163238,-761.902471425
-693.606884746,-0.00871369218087,0.00871369218087,33,94,-751.284974854,-1085.38335817,94.35883787,1.62968517376e-17,1.43941839644,4.21824175899,0.000698764439265,0.885790069254,-795.683974699
-712.306589948,-0.00887451109439,0.00887451109439,37,95,-734.766696006,-1132.90056511,71.1700726371,1.83330185801e-17,1.35878789409,3.89147356386,0.000837004689386,0.926615635373,-775.66004112
-682.386487449,-0.0101153928231,0.0101153928231,39,96,-713.202803136,-970.376105075,46.3340745156,-5.04698582126e-17,1.33816263526,3.81203297191,0.000784403583235,0.963107027228,-750.708258708
-690.886211437,-0.00677728018747,0.00677728018747,38,97,-731.539334072,-977.350761196,49.4228148848,-1.02067249652e-16,1.32354426197,3.75671258314,0.000945359186639,0.968019369412,-770.890382277
-700.056857629,-0.00923277354661,0.00923277354661,38,98,-726.324688784,-1024.48391342,64.8183569909,-4.18878905361e-17,1.3583436975,3.88974536844,0.000660693210142,0.944206836056,-766.175804799
-698.51123366,-0.0111917125324,0.0111917125324,36,99,-727.339481219,-1257.70910848,98.0084110973,-3.60847876942e-17,1.35918675606,3.89302603427,0.00076195905788,0.801387204856,-768.363204972
-690.769293691,-0.0131961038169,0.0131961038169,37,100,-723.97565038,-1034.58799221,71.8215510604,1.9879840606e-16,1.38033927952,3.97625045901,0.000785994551113,0.899303661381,-764.00757668
-691.703517705,-0.0109690584218,0.0109690584218,39,101,-713.605555261,-837.793609838,36.8117697202,1.31116182726e-16,1.28208902377,3.60416104483,0.000878272590256,0.983898966098,-750.364238614
-680.378643324,-0.0151583717456,0.0151583717456,39,102,-717.354083252,-931.602284754,48.2737768967,-2.06263613304e-17,1.30099489142,3.67294903594,0.000989754053527,0.947719380283,-755.264537601
-683.402098825,-0.0174052144969,0.0174052144969,40,103,-722.963026124,-1096.48208358,66.3699357601,-1.22401849399e-17,1.30500047852,3.68769085834,0.000986090577157,0.808086725632,-762.199502813
-696.089140897,-0.00766636021256,0.00766636021256,33,104,-733.046515068,-1072.63530021,77.5621561264,1.57358480406e-17,1.37942824219,3.97262959602,0.000643531661697,0.898000241075,-775.307688041
-693.322737832,-0.010089411961,0.010089411961,40,105,-713.275298055,-865.686864494,35.2886255973,5.69345140833e-17,1.25353009086,3.50268595836,0.000976208409847,0.983450728291,-750.436405932
-676.612329638,-0.00802849154937,0.00802849154937,40,106,-706.574593755,-803.603957626,31.2835230944,4.88722830987e-17,1.23238448389,3.4293971369,0.000728643901331,0.987373191694,-742.788497691
-676.720320669,-0.0116845764305,0.0116845764305,41,107,-711.77980668,-997.520296076,51.3795144767,-1.03138537899e-16,1.25690602952,3.51453079379,0.000893706318611,0.939436772368,-749.159494122
-681.801505329,-0.00769067295937,0.00769067295937,36,108,-717.049660827,-1091.69146323,80.2777261409,2.57567693498e-17,1.28375641498,3.61017560418,0.000712262895521,0.901199508645,-756.629513554
-695.841316349,-0.00794121929641,0.00794121929641,38,109,-713.813491451,-1225.03760825,82.7980210735,1.78446805785e-17,1.23201577615,3.4281329247,0.000899649753145,0.884436151322,-752.623573351
-671.280360184,-0.00848697144197,0.00848697144197,36,110,-720.44278649,-1189.96350405,104.704131047,8.32411927387e-17,1.26396053734,3.53941173696,0.00070889782973,0.832468154459,-760.989960738
-703.35264892,-0.0117832306135,0.0117832306135,35,111,-729.75299781,-1047.91013413,84.0696775945,7.34366271497e-17,1.29616094677,3.65523704749,0.000744015655206,0.879440100828,-771.01087824
-687.133738012,-0.00926982079828,0.00926982079828,36,112,-715.889620537,-1129.04094149,80.2811631401,-8.45525385176e-17,1.2689252185,3.55702747983,0.000815292358082,0.89199851785,-755.184473425
-691.094669961,-0.0122456982054,0.0122456982054,35,113,-720.404634259,-996.861414511,62.5448314148,-1.05021268191e-16,1.29146121417,3.63809871509,0.000722211898197,0.899741047084,-760.123001517
-691.398380944,-0.00968286320734,0.00968286320734,38,114,-721.52140684,-1153.00012651,89.6617507251,6.3216340375e-17,1.25916845174,3.52249114778,0.000849880615539,0.855662356651,-761.660350751
-680.979974577,-0.0162317655463,0.0162317655463,39,115,-721.094863474,-965.815437258,49.037194068,6.43607550507e-17,1.20539423887,3.33807481754,0.000817072488063,0.941527211514,-759.153320513
-679.423223026,-0.007255013132,0.007255013132,37,116,-717.62420484,-961.546407045,56.7256299418,-5.26188883243e-17,1.25080486522,3.49315334395,0.000958255004079,0.958153965316,-756.237442668
-679.265488706,-0.0067754982556,0.0067754982556,41,117,-700.781217395,-797.522370186,26.9029267127,-3.38867339322e-17,1.17455513534,3.23670272886,0.000882734241049,0.989000245302,-736.23250643
-673.968905993,-0.00969210034886,0.00969210034886,41,118,-690.778235936,-826.860778672,34.2935077612,-3.68217216653e-17,1.168916267,3.21850275019,0.000963449361956,0.98707667911,-725.441514727
-677.542629411,-0.0165414213588,0.0165414213588,40,119,-701.09585084,-937.340314089,43.4638308183,-9.46155614821e-18,1.16406068524,3.2029129264,0.000776398870546,0.923275920621,-737.14447869
-697.424913453,-0.00799719323368,0.00799719323368,39,120,-705.455540405,-962.236704997,47.4620464089,9.29773552303e-17,1.17337593494,3.23288825717,0.000918189785316,0.965690319773,-742.012911994
-685.875522005,-0.013968683383,0.013968683383,39,121,-697.096745625,-1139.77727788,70.8861782722,4.79114102889e-17,1.17073506449,3.22436188156,0.000679768815239,0.894556447465,-733.552304311
-658.251999331,-0.0108978071722,0.0108978071722,36,122,-701.351823427,-963.729975927,59.1813516234,1.2124942814e-17,1.20379142443,3.33272878851,0.000882834064329,0.885694974771,-738.34487218
-673.911101213,-0.00734085053787,0.00734085053787,37,123,-710.998484277,-961.659036593,53.3473725269,-1.43940821074e-16,1.19077123904,3.2896173106,0.000907345487208,0.947619056438,-749.159691978
-681.088026979,-0.00900041661145,0.00900041661145,37,124,-707.556217336,-1062.64922464,67.1764465862,4.01597294457e-17,1.1933619841,3.29815091981,0.000903486743687,0.930687308694,-745.171800591
-681.090990463,-0.00795860590648,0.00795860590648,41,125,-697.522267228,-850.210544144,32.2026616927,-3.53159586319e-17,1.10927110652,3.03214747626,0.000732462538089,0.987366015289,-732.566240249
-673.140155406,-0.00825946937206,0.00825946937206,41,126,-696.562961594,-792.778185323,31.6045501561,-2.42386886415e-17,1.09753072779,2.99675707138,0.000684551055675,0.989806587666,-731.729733084
-671.224989987,-0.00721853360484,0.00721853360484,42,127,-686.610205704,-785.274611935,25.4050094087,-1.07426233359e-16,1.07212828286,2.92159085962,0.000665375554013,0.991760027685,-720.452566227
-678.836397129,-0.0104774995413,0.0104774995413,38,128,-704.984861521,-1062.83382214,67.6838797573,-2.97165673711e-17,1.1413766013,3.1310756426,0.000667973598132,0.891330876491,-742.417568605
-656.049675439,-0.00734291643812,0.00734291643812,40,129,-690.865856973,-1000.1088514,50.4891239528,-1.08967273555e-16,1.09622541863,2.99284792882,0.000855853312917,0.956780011075,-725.925926558
-684.521535579,-0.00730191875651,0.00730191875651,41,130,-695.032799108,-878.11953876,37.8829208796,-3.41898226902e-17,1.04741200067,2.85026508055,0.000772841732866,0.976429332976,-730.273768135
-668.038922784,-0.0123557224213,0.0123557224213,37,131,-698.03534943,-1012.07247683,71.1486038891,-3.56930087889e-17,1.12761209184,3.08827317555,0.000882160787405,-0.67128330096,-735.052936239
-667.300001113,-0.0110581065165,0.0110581065165,39,132,-704.279110148,-1325.21508073,111.682778848,-1.430699774e-17,1.12526171729,3.08102310043,0.000804612292038,0.747630621669,-743.802186425
-683.829518416,-0.00847308328038,0.00847308328038,40,133,-689.584537176,-1038.75065034,54.8814045795,-1.60050399535e-16,1.07613999394,2.9333349793,0.000725037538951,0.945092186499,-724.668532892
-663.172511442,-0.00942921298015,0.00942921298015,42,134,-684.830940343,-781.388999562,28.3609846064,1.20720337982e-16,1.03141706479,2.80503794017,0.000985126832333,0.98955453333,-718.494937572
-667.779401041,-0.0151893173163,0.0151893173163,39,135,-691.527902603,-1240.55195443,86.3052183678,1.999811891e-17,1.06579420508,2.90314376024,0.000962425190994,0.550411213202,-728.143887432
-654.394775813,-0.0154160231077,0.0154160231077,39,136,-697.708269005,-1032.44900112,79.1429439267,-2.10114998768e-16,1.11096346791,3.03728331019,0.00088907953224,0.798023554509,-734.956163167
-670.285065866,-0.020907892032,0.020907892032,37,137,-694.813660876,-1324.05476827,110.237333029,3.07921374433e-17,1.10050575152,3.00568576975,0.000795209651015,0.486076767498,-733.13705908
-667.581182906,-0.00878867824587,0.00878867824587,41,138,-690.736307382,-791.562402104,26.0763168992,-7.18379604169e-17,1.01440325453,2.75771725098,0.00085736665918,0.985615397101,-725.317973172
-655.80453947,-0.015088936138,0.015088936138,36,139,-712.476254023,-1250.20429592,127.466011327,5.87396643671e-17,1.15285186252,3.16721249689,0.000880197545387,0.382864049172,-754.283617565
-679.480335796,-0.00693497296765,0.00693497296765,41,140,-685.169036453,-821.251708278,27.4030456651,1.311802689e-16,1.00310246503,2.72672829844,0.000914967317135,0.985010057798,-719.113417564
-682.992546196,-0.0137661237609,0.0137661237609,37,141,-701.784332503,-1306.05696681,117.460791988,1.58244458261e-16,1.06968998885,2.91447583991,0.000686283429969,-1.27115688459,-741.343697921
-677.84778767,-0.0109327630131,0.0109327630131,39,142,-694.204800298,-1052.65373686,59.3520207762,-8.62441431402e-17,1.03188933414,2.80636298648,0.000871173155741,0.926342045191,-730.476242268
-666.229853634,-0.00726345794986,0.00726345794986,39,143,-692.315525127,-1252.41530355,88.828104038,5.41978755879e-17,1.03617263614,2.81840926718,0.000638168406455,0.860831507323,-728.969821304
-664.459197632,-0.0126594835285,0.0126594835285,42,144,-690.299814188,-1077.34747396,61.0056836019,8.63613415871e-17,1.0221889306,2.77927174347,0.00064785821834,0.929203420569,-725.754577164
-675.633454294,-0.00700858031258,0.00700858031258,42,145,-683.576162593,-846.282877903,28.9047806793,-8.59969897248e-18,0.983292777856,2.67324416484,0.000673456580934,0.985520479701,-717.389290805
-675.642879482,-0.016796909417,0.016796909417,36,146,-701.506116498,-1084.16132931,85.2081073925,-5.49436580495e-17,1.06150325787,2.89071321211,0.000819323565134,-0.0884490252758,-739.785896063
-663.44668028,-0.00741223617586,0.00741223617586,42,147,-683.985468861,-1115.41543155,66.6913073173,-5.84194528501e-17,1.01056225256,2.74714517028,0.000662965085033,0.92626138014,-718.76061116
-653.095280372,-0.00848079613427,0.00848079613427,42,148,-683.54511097,-786.294267372,27.1660749368,-2.09246059536e-17,0.966111513712,2.62770676596,0.000918251323996,0.986763980695,-717.13116062
-665.149735695,-0.00982231332062,0.00982231332062,42,149,-680.914738204,-803.324681136,27.1616522725,4.06556967618e-17,0.939443546165,2.55855730312,0.000704981815242,0.992257288519,-714.279511254
-671.290935821,-0.0262047364109,0.0262047364109,39,150,-690.509290135,-1238.49992876,86.5341436349,6.97075292091e-17,0.970958356305,2.64047376185,0.000871909778694,-0.216091405478,-726.869718687
-668.115124096,-0.00573565765323,0.00573565765323,41,151,-678.637755454,-992.420834442,49.3395907139,2.98768580982e-17,0.939175917291,2.55787265092,0.000656929727902,0.944198967842,-712.337437345
-683.004968672,-0.00899340058359,0.00899340058359,42,152,-683.756052759,-766.776074487,20.7032675996,9.01677032978e-17,0.934488632685,2.54591122902,0.00094607597546,0.992327579265,-717.426902298
-664.409741136,-0.0212005298009,0.0212005298009,39,153,-685.389483819,-1125.80024863,71.1992183593,2.77814187959e-17,0.958942505123,2.60893607759,0.000705618616972,0.663089462353,-720.570205767
-673.708876073,-0.0056363024472,0.0056363024472,42,154,-676.017729552,-781.268217313,22.4391740342,3.0556597008e-17,0.92253049847,2.51564818623,0.000820178087007,0.987643710153,-708.91034352
-672.12492618,-0.00900798613034,0.00900798613034,42,155,-677.639454508,-763.951688374,21.9116209092,9.87824237372e-17,0.908449952553,2.48047469852,0.000786916474427,0.994002601485,-710.733140567
-662.813929687,-0.00744403728476,0.00744403728476,42,156,-670.949021396,-747.678171589,21.309729818,9.8769608766e-17,0.896506353273,2.45102511976,0.000999373126402,0.994062383235,-703.130070802
-662.268596462,-0.00601714075678,0.00601714075678,42,157,-670.474245368,-757.493100798,22.1363913463,-9.53443600265e-17,0.8783672202,2.40696645002,0.000886179312808,0.992924378893,-702.893855775
-664.980894046,-0.00647109660099,0.00647109660099,42,158,-673.250561027,-861.09081656,31.2714857725,-1.24682850498e-16,0.855183828343,2.35180666956,0.000848816945233,0.983099009897,-706.040293321
-667.602849287,-0.00785387166004,0.00785387166004,42,159,-672.338022318,-814.295084446,25.0893484864,-5.32390669018e-17,0.833303251052,2.30090667333,0.000775131923003,0.990523162031,-704.575843574
-665.973918308,-0.0186249274761,0.0186249274761,39,160,-682.370026946,-1154.24475418,73.9850554199,1.1344479467e-16,0.882686372618,2.41738498842,0.000693199620767,0.4033121025,-717.38558631
-653.54619892,-0.00835511583855,0.00835511583855,43,161,-668.37292641,-772.566303275,25.5879882452,-2.91243437282e-17,0.830158288748,2.29368177555,0.000953659516941,0.989386413493,-700.396745542
-671.895836973,-0.00857267231524,0.00857267231524,40,162,-685.487589002,-1453.59315685,119.182980335,2.23465365651e-16,0.82863017203,2.29017943875,0.00080076826652,0.44770000492,-722.456632462
-663.720919921,-0.0100268796135,0.0100268796135,39,163,-684.166310253,-1274.32974805,93.1682827152,5.98360346911e-17,0.871971856455,2.39162214257,0.000974884252791,0.808738408265,-720.516500129
-660.119329598,-0.00682485885736,0.00682485885736,43,164,-669.915264351,-744.420238431,21.8222606152,-1.12343996539e-17,0.830737952986,2.29501172627,0.00097006016534,0.974560825794,-701.825648185
-657.153647853,-0.00878661177195,0.00878661177195,42,165,-673.802487253,-767.278515894,21.8196347642,1.81953217925e-17,0.824849772728,2.28153799035,0.000690662638812,0.995081282449,-706.267291723
-662.402902857,-0.00908078100101,0.00908078100101,43,166,-670.935092765,-760.470558092,20.4288781715,-1.32655324634e-18,0.803931820757,2.23430858164,0.000761569608548,0.994978836359,-702.915827232
-651.484567679,-0.00874920908175,0.00874920908175,39,167,-686.387027029,-1445.02509829,119.28455473,-6.86693500416e-17,0.80984968522,2.24757011827,0.000783563385746,0.299798540329,-723.716568481
-656.154956638,-0.00543491434883,0.00543491434883,40,168,-676.833401461,-1402.99698398,112.220773289,3.70876281835e-17,0.817014962694,2.26373241634,0.000928930607663,0.822791304066,-712.929739281
-659.605406501,-0.00667984388717,0.00667984388717,43,169,-664.784465167,-744.463862263,19.6401603818,-1.79429983778e-17,0.790472583977,2.20443796219,0.000811488773972,0.981418523317,-696.328035913
-657.718949265,-0.00869526020869,0.00869526020869,43,170,-665.061452555,-739.481896534,20.7157596998,1.48370818959e-16,0.783604377267,2.18934930192,0.000915872462296,0.994950868093,-696.506189738
-656.605858785,-0.00681059558379,0.00681059558379,43,171,-682.155817933,-1567.05814475,132.257104227,-4.20032786617e-16,0.765536821956,2.15014831172,0.000911623984859,0.0770011928735,-718.890128286
-667.236776455,-0.00752208494615,0.00752208494615,43,172,-662.378845568,-735.694273713,13.6833911658,5.89517128709e-17,0.751483119233,2.12014210953,0.000926144702657,0.983596653451,-693.470805127
-654.736456096,-0.00978063607435,0.00978063607435,43,173,-662.834750954,-736.129594548,19.6844955713,-1.4878011777e-16,0.745737086181,2.10799463621,0.000840049051765,0.995407758476,-694.065480537
-649.952168235,-0.00900336466526,0.00900336466526,43,174,-661.17213534,-745.186054728,18.8612010235,-4.53903336035e-17,0.733764243922,2.08290643716,0.000971241181932,0.994798584231,-692.45453418
-659.711524692,-0.00700401426405,0.00700401426405,43,175,-661.30024163,-735.745270083,18.2591932743,6.81738331941e-17,0.720670709212,2.05581160012,0.000745786611329,0.995193855156,-692.537786004
-658.483325303,-0.00886654169161,0.00886654169161,43,176,-665.762866207,-761.914584113,19.9884967928,1.20851341167e-16,0.72156738761,2.05765582869,0.000692014828512,0.994888825797,-697.203089258
-655.238452939,-0.00821480006819,0.00821480006819,43,177,-658.642581035,-775.057145447,23.7552361404,3.39714037928e-17,0.731159533751,2.07748812921,0.000843990152144,0.990995242245,-689.771911651
-661.750664579,-0.00920069551202,0.00920069551202,43,178,-662.550635085,-735.665338352,16.7758495805,-1.35068607604e-16,0.70030504706,2.01436709052,0.000924226012965,0.99601643248,-693.873091987
-657.97995291,-0.00758801172327,0.00758801172327,40,179,-677.4486124,-1483.18704718,125.350600866,1.06907082538e-16,0.697177683249,2.00807727218,0.000813490045146,0.534189353851,-714.0178484
-657.668806686,-0.00547557086455,0.00547557086455,43,180,-661.566584133,-801.93009287,25.2480634317,4.90551840093e-17,0.688282448924,1.99029416401,0.000659264928449,0.980180954881,-692.837017117
-649.002227648,-0.00251984358887,0.00251984358887,40,181,-675.670447462,-1563.45395516,137.651096336,1.7995035556e-16,0.669585449277,1.95342735804,0.000664787807343,-1.13739150397,-712.430660349
-660.222983994,-0.00740005709685,0.00740005709685,43,182,-659.615724564,-746.920971482,21.3447929677,1.50170662559e-16,0.672312736443,1.9587621869,0.000944250885675,0.972722383659,-690.818580188
-658.477972561,-0.00349661893609,0.00349661893609,40,183,-675.982454365,-1576.37967929,139.725423322,3.66834059289e-17,0.662514863272,1.93966419605,0.000699054769244,-0.967693452679,-712.685461026
-656.429724454,-0.00668522117713,0.00668522117713,43,184,-655.381128034,-723.223227793,15.5990373742,1.36686527729e-16,0.659168236725,1.93318371428,0.000850367023006,0.977358298281,-686.117113014
-657.77407334,-0.00789637085132,0.00789637085132,43,185,-661.580825022,-734.580402663,15.4853068399,4.526924141e-17,0.652692115688,1.92070463419,0.000906581099232,0.99682555416,-692.793323944
-659.132903038,-0.00643981440788,0.00643981440788,43,186,-660.360596659,-755.111772638,20.0762011827,-6.88112327936e-17,0.638447683972,1.89353922542,0.000879180773216,0.995297217289,-691.432388227
-656.677762941,-0.0072452304085,0.0072452304085,44,187,-652.872896168,-737.665791499,18.1496898331,4.03074601297e-17,0.630693383853,1.87891293559,0.000887804974531,0.995195494374,-683.279658133
-654.123751096,-0.00658710454655,0.00658710454655,43,188,-657.493369093,-732.544770827,17.9509231468,-8.21626660222e-19,0.615001974769,1.84966025221,0.00097808197611,0.995497086023,-688.31103692
-658.625855858,-0.0061866503329,0.0061866503329,43,189,-661.920623818,-736.837256997,20.411113757,3.55762074189e-17,0.603815060263,1.82908357048,0.000535932804852,0.994829915523,-693.237736783
-656.755349678,-0.00689804335456,0.00689804335456,42,190,-656.214960231,-727.826072708,13.9625463609,3.06236517626e-17,0.602134321141,1.8260119402,0.000726114469996,0.997012493516,-686.752650649
-652.156678405,-0.00706154854147,0.00706154854147,43,191,-657.724321347,-754.355983565,20.3664548228,-1.36965480417e-17,0.599158904014,1.82058686792,0.000813731423133,0.994615897716,-688.360963828
-648.292557546,-0.00731693402934,0.00731693402934,43,192,-653.135677259,-785.622357054,24.4073467726,-5.68438289155e-17,0.588842401701,1.80190132971,0.000724964708469,0.990571634483,-683.66732501
-659.845279909,-0.00588215931003,0.00588215931003,43,193,-654.659329001,-737.559952342,16.9762413208,-9.9827639217e-17,0.57266159143,1.77297972469,0.000708518753868,0.99582640263,-685.253319406
-653.691853532,-0.00768125941081,0.00768125941081,44,194,-657.964296025,-756.817954431,19.0245977229,-2.01398707293e-17,0.563469627953,1.75675723231,0.000920042542234,0.995938655744,-688.631382515
-656.742258858,-0.00516472427672,0.00516472427672,44,195,-658.544736539,-747.540074532,17.4150920687,2.28128018759e-17,0.54800034314,1.72979056959,0.000897692751439,0.996202951757,-689.234858363
-650.223094416,-0.00720555695441,0.00720555695441,44,196,-650.804858552,-718.580817055,15.7407349984,7.60150401175e-17,0.543448628484,1.72193494834,0.00076748293439,0.996689769349,-680.750132728
-640.999530141,-0.00567491606783,0.00567491606783,44,197,-653.447936014,-718.525003159,15.7602447983,-3.76174468051e-18,0.525191102921,1.69078193087,0.000898165905078,0.996385956042,-683.719699011
-656.4106492,-0.00760844692385,0.00760844692385,44,198,-652.49791899,-735.089928069,17.665712507,-8.46519404174e-18,0.520380417898,1.68266764485,0.000726901347451,0.996526542883,-682.55617069
-659.302816373,-0.00692889576019,0.00692889576019,43,199,-652.879425367,-716.710843966,13.7576846509,-9.83873016226e-18,0.514773681343,1.67325976904,0.000668585299541,0.997192695898,-683.055184816
-652.146793651,-0.00808497084421,0.00808497084421,44,200,-652.363727589,-801.569427459,23.7277171896,7.1335136596e-17,0.51248611418,1.66943644965,0.000843997755437,0.990509348956,-682.577833704
-640.911525855,-0.00862109408554,0.00862109408554,44,201,-650.651371057,-724.40027475,19.4319629653,4.46933331048e-18,0.506048739966,1.65872417894,0.00096022864892,0.995536913887,-680.661456536
-649.474173563,-0.00253911408611,0.00253911408611,43,202,-649.885057464,-726.547475247,15.2321686509,5.46857066033e-17,0.498069189217,1.64554097316,0.000674836177905,0.995928353637,-680.015649227
-653.26252063,-0.00515163961283,0.00515163961283,44,203,-650.604270973,-726.21558463,17.1997641521,-3.54739769378e-17,0.484380787578,1.62316961081,0.000710586665912,0.995844631673,-680.646637384
-649.888965912,-0.00811160775263,0.00811160775263,44,204,-648.843658532,-736.416056796,18.8635864282,4.28111830529e-17,0.470327488368,1.60051825851,0.000923882657136,0.995827720644,-678.654796075
-647.318162272,-0.00712689248015,0.00712689248015,44,205,-650.365891604,-722.647861191,16.1383812811,3.29804544046e-17,0.466947217848,1.59511720748,0.000875803467636,0.996906032199,-680.400476503
-653.39650572,-0.00555701852669,0.00555701852669,44,206,-649.632752677,-715.957154091,16.1069498383,1.78468605148e-16,0.451910382101,1.57131112467,0.000705002773754,0.996552864033,-679.601343047
-652.471685971,-0.00708944958884,0.00708944958884,44,207,-652.364618229,-717.690650763,15.6230349024,-2.25893918332e-17,0.448706114283,1.56628428097,0.00070589611911,0.996157987376,-682.592541971
-640.415321474,-0.00525922617867,0.00525922617867,44,208,-648.043804599,-710.246313618,14.3418779473,4.08334543366e-17,0.442048560422,1.55589129334,0.000818634610237,0.997194289843,-677.897766194
-647.970764645,-0.00739718776537,0.00739718776537,44,209,-650.100691033,-757.000967664,19.0772667231,-3.14376968089e-17,0.447472401379,1.56435312734,0.000754060162951,0.996214192088,-680.114305342
-653.193831987,-0.00851135111361,0.00851135111361,44,210,-649.835362219,-748.955075862,19.111743576,-4.93460645086e-17,0.442819651252,1.55709148952,0.000719768808866,0.995257674879,-679.984156399
-655.5024859,-0.00704571907985,0.00704571907985,44,211,-652.617703552,-711.959809701,14.601556272,-2.81615072517e-18,0.440194274526,1.55300889927,0.000695841435508,0.996545776738,-682.731507986
-650.96541578,-0.00597691732972,0.00597691732972,44,212,-646.863437231,-703.478179237,12.8059853482,2.24700152178e-18,0.429905893683,1.53711286471,0.000978410691534,0.99738645581,-676.50081674
-652.853065048,-0.00643365140187,0.00643365140187,43,213,-647.221296566,-733.827699771,17.1295518661,-1.07090478144e-17,0.427951037884,1.53411096581,0.000691325047928,0.99594010416,-677.116006448
-640.034976839,-0.00452722433631,0.00452722433631,44,214,-645.843773481,-695.645645583,12.2235613965,-4.82259539347e-17,0.419604606778,1.52135990129,0.000958372897807,0.997916921552,-675.398536322
-655.76769345,-0.00254433657684,0.00254433657685,44,215,-650.820014862,-722.598256736,13.9756337217,1.01440925675e-16,0.422619079902,1.52595291911,0.000885067997835,0.9969141978,-680.929735976
-656.218273898,-0.00357512265011,0.00357512265011,44,216,-647.195150355,-714.399013085,12.5450553826,1.17967579893e-17,0.41800332266,1.51892572127,0.00077872082008,0.997924854151,-676.853966726
-656.673031658,-0.00581947541105,0.00581947541105,43,217,-648.911682112,-712.923571195,12.4742389687,-2.32687720387e-17,0.400216235662,1.49214731822,0.000782616933351,0.997799957025,-678.737452989
-654.116270815,-0.00705773428891,0.00705773428891,44,218,-649.209729642,-711.607462286,13.487673491,4.98384788427e-17,0.391525631403,1.47923584191,0.000772380212722,0.997392634966,-679.157132891
-639.81116478,-0.00390442842223,0.00390442842223,44,219,-642.569742894,-702.936923193,15.2716913087,1.58163132093e-17,0.389433249398,1.47614395129,0.000586873198474,0.996968229374,-671.836388458
-648.617443915,-0.00587492216564,0.00587492216564,44,220,-643.699085245,-706.252512151,12.7937109671,1.73633119004e-17,0.381459193112,1.46441990257,0.000646856547522,0.997652603936,-673.051918797
-649.453393121,-0.00468733857905,0.00468733857905,44,221,-647.893624597,-712.33299884,13.3274457063,4.2056232304e-17,0.359720393731,1.43292870269,0.000684280722081,0.997176667867,-677.627747702
-650.81854129,-0.00793404466844,0.00793404466844,44,222,-645.56314575,-714.79589323,14.1400256157,-8.65562765495e-17,0.353041050864,1.42338957361,0.000812044632135,0.997201577676,-675.039498291
-652.616662211,-0.00467393570165,0.00467393570165,44,223,-645.490949238,-711.092163093,13.8169699817,8.32987328151e-17,0.350932474216,1.42039140963,0.00064701319501,0.997540433157,-675.016309297
-655.8374257,-0.00476422737429,0.00476422737429,44,224,-646.988412999,-712.604324172,13.1685129172,1.20579167327e-16,0.355075152178,1.42628783889,0.000811884351191,0.997282087967,-676.729746214
-649.095364718,-0.004782113115,0.004782113115,44,225,-645.959678358,-715.987472963,16.4089068064,6.03033445643e-17,0.355371147253,1.42671007555,0.000751013549422,0.99641228609,-675.727711937
-646.064769551,-0.00588316927537,0.00588316927537,44,226,-641.744111596,-706.726984918,13.6677380185,6.85303870694e-17,0.344646969595,1.41149153227,0.000942327986822,0.997235274669,-670.95086446
-645.469599268,-0.00633793952507,0.00633793952507,43,227,-642.22345021,-709.732632153,11.8785916744,-1.30309407751e-17,0.344021103859,1.41060840447,0.000664895084876,0.997938545733,-671.497554866
-635.312067496,-0.00597068716172,0.00597068716172,43,228,-645.570835282,-715.953273082,15.0488230175,2.00212633052e-17,0.34158830015,1.4071808421,0.000855809852096,0.996437730307,-675.398004314
-652.361599417,-0.00546655722344,0.00546655722344,44,229,-642.170388967,-707.765493318,11.6805244122,1.37101193678e-16,0.321679158074,1.37944212208,0.000792424346846,0.997901682749,-671.404940779
-651.815304699,-0.00775704701696,0.00775704701696,44,230,-645.021439839,-708.788575273,12.9612445954,9.39655181835e-18,0.327620485837,1.38766223487,0.000809123824107,0.997738079149,-674.553183757
-646.746061131,-0.00422863687535,0.00422863687535,44,231,-641.644883424,-700.637303657,11.3434533981,5.70290342727e-17,0.310108178428,1.3635726153,0.000711226469506,0.997829110874,-670.994318407
-644.460369602,-0.00637719730141,0.00637719730141,44,232,-642.068844624,-699.764659212,13.1400196467,-1.15027732431e-16,0.296245307568,1.34480000599,0.00076366622978,0.997856483092,-671.332870143
-652.781422361,-0.0062535161236,0.0062535161236,44,233,-646.055490264,-781.080333724,20.7506651831,9.10586590839e-17,0.288673902355,1.33465642924,0.000628809463848,0.99242366118,-675.764405244
-642.039091354,-0.00735757396476,0.00735757396476,44,234,-640.01554165,-699.046023417,10.8662413027,5.77346641949e-17,0.295262534812,1.3434790224,0.00086225044234,0.998012205845,-669.248059473
-651.702007197,-0.00583703035785,0.00583703035785,44,235,-644.04843372,-702.46742596,11.1290056162,2.04460962178e-17,0.28418032128,1.32867249708,0.000787970119013,0.998157362727,-673.487196084
-654.448133516,-0.00594655281776,0.00594655281776,44,236,-642.924271899,-708.126631509,11.3937120942,7.0604044884e-17,0.285205989334,1.33003597313,0.000794272435946,0.998019219985,-672.328127335
-648.621053144,-0.00773798064446,0.00773798064446,44,237,-642.019653488,-707.560986467,12.8982094641,2.54961023e-17,0.28066407047,1.32400875558,0.000581142130662,0.997519303078,-671.211859121
-649.982424417,-0.00557830795743,0.00557830795743,44,238,-641.717511997,-699.128086114,12.0727560922,6.52713536455e-17,0.273947982852,1.3151463903,0.000769636357534,0.997743305563,-671.003738889
-638.78919917,-0.00268468968086,0.00268468968086,44,239,-640.384403315,-720.127874848,15.7482125452,-3.12378249549e-17,0.270019461231,1.3099899445,0.000631220353442,0.996327497893,-669.564558914
-643.657955797,-0.00417625383897,0.00417625383897,44,240,-640.266749879,-705.527244547,12.0500504989,2.15278702836e-18,0.270668489982,1.31084044161,0.000715579421155,0.997754060155,-669.408524965
-643.071104482,-0.00554877292629,0.00554877292629,44,241,-641.778857824,-714.801969796,12.7252222394,8.3958694106e-17,0.258611493535,1.29513054049,0.000613692262895,0.996674831622,-671.013404061
-643.354400894,-0.00500569676773,0.00500569676773,44,242,-643.65499399,-698.164304776,13.2588569823,8.12933387376e-17,0.262988433634,1.3008116732,0.000798173975808,0.997605812763,-673.004414352
-648.404784996,-0.00498426827438,0.00498426827438,44,243,-640.144984725,-710.063714209,11.6135836372,6.33245883411e-18,0.264945942474,1.30336051743,0.000759358459967,0.998035513387,-669.296074985
-652.252022806,-0.00513176348316,0.00513176348316,44,244,-643.191356993,-721.17144392,13.5815093743,-7.37774237262e-18,0.269394412302,1.30917139253,0.000736386249978,0.997346865877,-672.597896339
-644.773547522,-0.00338409046752,0.00338409046752,44,245,-639.090737724,-692.743812054,10.4663259495,-3.97829917157e-17,0.25842102891,1.29488388742,0.000529616086907,0.998346413042,-668.05494598
-644.564704072,-0.00670761542331,0.00670761542331,44,246,-640.553118842,-688.923978673,10.8783624097,-9.96735842182e-17,0.251222047829,1.28559551633,0.000997735832953,0.9984449237,-669.688726301
-640.13765762,-0.00545366542322,0.00545366542322,44,247,-642.08328808,-697.764884753,13.6094697738,7.97397752493e-18,0.26456613112,1.3028655803,0.000678837299086,0.997524487388,-671.378800545
-649.049386505,-0.00628867829647,0.00628867829647,44,248,-642.901027491,-712.411928602,15.4949519243,2.35563925889e-17,0.248613027205,1.28224574283,0.000782223979499,0.997258509378,-672.254868652
-643.322865391,-0.0056978274203,0.0056978274203,44,249,-640.546534465,-703.738591995,13.1990821268,-6.65669933288e-17,0.245691851666,1.27850554348,0.000841742207912,0.998015117426,-669.54726589
-653.147280816,-0.00482225430098,0.00482225430098,44,250,-640.41914396,-699.307639942,10.3121389943,1.27315853333e-16,0.229379076803,1.25781875856,0.000770595352134,0.998505400892,-669.49288768
-646.240812317,-0.00468629648348,0.00468629648348,44,251,-638.299014673,-711.801150903,12.6527915951,1.27087280791e-16,0.227884158503,1.25593982705,0.000931718780201,0.997624954672,-667.226724976
-636.567083922,-0.00378728833652,0.00378728833652,44,252,-639.847799522,-712.361857497,15.3488516963,-1.64988616461e-16,0.22057372541,1.24679184159,0.000773281527721,0.997022380214,-668.899647457
-636.515807703,-0.0107998077946,0.0107998077946,44,253,-638.840061933,-689.086605487,13.2699426831,-9.69119260322e-19,0.219921043581,1.24597834871,0.000867781585009,0.998109921895,-667.719127759
-644.113296883,-0.00487002704889,0.00487002704889,44,254,-637.72418731,-698.892455669,10.1101883634,4.16977914077e-17,0.233658816736,1.2632134314,0.00077216390232,0.998149580142,-666.605221067
-651.958298969,-0.0054002442341,0.0054002442341,44,255,-643.946804654,-734.203221569,14.6613337955,1.22349026335e-16,0.225209628941,1.25258526679,0.000836029939322,0.996891227457,-673.433817774
-637.546346881,-0.00411579540578,0.00411579540578,44,256,-639.636854704,-711.726293583,13.3865510163,1.18430648873e-16,0.232372116449,1.26158909955,0.00066849615085,0.997624788909,-668.646645199
-636.374429243,-0.00705026329643,0.00705026329643,44,257,-638.524239968,-695.308281454,13.9738652204,4.12708838911e-17,0.236486170267,1.26679003613,0.000746830715903,0.998242656653,-667.371298067
-640.730974216,-0.00499492496789,0.00499492496789,44,258,-641.215827488,-696.427574939,9.87080999977,1.189158549e-17,0.236127609885,1.26633589683,0.000970379153257,0.99832678713,-670.355381581
-643.721463392,-0.0038382298034,0.0038382298034,44,259,-639.75941246,-696.885287426,12.0092811341,-1.3362656626e-16,0.233649276508,1.26320138011,0.000764586429583,0.997713809993,-668.944508464
-642.077171786,-0.00567185473908,0.00567185473908,44,260,-637.393424536,-693.057973328,11.1047646055,-7.69093044992e-17,0.232878340413,1.26222790786,0.000932307730617,0.998398727149,-666.161746569
-638.459262659,-0.00527079256325,0.00527079256325,44,261,-636.902186136,-686.834233799,11.4296183452,9.47500169439e-18,0.225597995025,1.2530718229,0.000913407343182,0.998502349388,-665.620674491
-641.268344595,-0.00641426229925,0.00641426229925,43,262,-641.215091967,-723.066299303,14.8365904781,-7.51278738468e-18,0.218797779276,1.24457957146,0.000680970631565,0.997254359194,-670.557821467
-638.685686762,-0.00463701946663,0.00463701946663,44,263,-637.221247599,-705.914218899,13.6275786208,-2.71672085749e-17,0.213199491784,1.23763152394,0.000683684814321,0.997806170223,-666.193391947
-643.906670424,-0.00286271073711,0.00286271073711,44,264,-638.961669703,-702.348826161,13.3507457213,6.97978609634e-17,0.207642042005,1.23077252582,0.000633368996943,0.997242716038,-668.111771525
-639.743239119,-0.00558876818643,0.00558876818643,44,265,-639.482459221,-697.503709684,12.7301081246,-1.57436654237e-16,0.196707315688,1.21738767828,0.000666074646702,0.997835975004,-668.398648228
-646.490532701,-0.00519745385755,0.00519745385755,44,266,-636.23440416,-706.725275943,12.1505529659,1.01813079217e-17,0.192898669654,1.21275989791,0.000752027523182,0.997937129513,-665.134822039
-640.45312031,-0.00798905286123,0.00798905286123,44,267,-635.88627228,-705.993333036,12.2363354561,3.85537057762e-17,0.191804895916,1.21143413816,0.000991086275079,0.997968759948,-664.612343479
-625.603800592,-0.0075009094203,0.0075009094203,43,268,-640.479456016,-709.82902418,15.3921755212,-5.08200680286e-17,0.201417806537,1.22313569917,0.000679038588538,0.997074667461,-669.762980672
-640.125574476,-0.00141140327789,0.00141140327789,44,269,-636.553902845,-696.767912409,13.8322476002,-1.19744017536e-16,0.1982539033,1.21927193169,0.000905430521774,0.997604164463,-665.433317905
-651.197554445,-0.00518006945533,0.00518006945533,44,270,-638.151824917,-694.755422907,9.6110368934,-5.86949545396e-17,0.198560720711,1.21964608294,0.00075071487526,0.998797686467,-667.085387175
-636.955729565,-0.00580929747423,0.00580929747423,44,271,-639.396661469,-733.1705496,16.8782332989,2.62008555857e-17,0.204490564222,1.22689987904,0.000844321600138,0.996579539727,-668.642257271
-637.701733971,-0.0037678257355,0.0037678257355,44,272,-636.344634661,-725.180851738,16.0884770983,5.96938519287e-17,0.197388904147,1.21821771851,0.000725999585514,0.997420544866,-665.058126036
-635.890223104,-0.00648681047736,0.00648681047736,44,273,-637.407274103,-689.392603397,12.4310733565,-1.3980586236e-16,0.195751810753,1.2162250139,0.000831052286432,0.998447295188,-666.333902142
-641.880234794,-0.00848812210906,0.00848812210906,44,274,-636.312235075,-686.928136973,11.7582552369,1.00134862815e-16,0.209255448401,1.23275986485,0.000693548645018,0.998472784002,-665.178640241
-644.180128367,-0.00136921920266,0.00136921920266,44,275,-633.704699172,-688.305785099,10.0627790358,1.02513668017e-19,0.213281139524,1.23773257788,0.000677576870343,0.998342441921,-662.450360218
-642.977203364,-0.00564065338202,0.00564065338202,44,276,-636.411597617,-698.450462185,12.6944663676,8.76356600456e-18,0.210107586888,1.23381079468,0.000869497704416,0.997659573024,-665.206177736
-634.911575009,-0.00374106272297,0.00374106272297,44,277,-635.513213846,-700.686997658,13.5108675018,-7.10216199576e-17,0.211448484957,1.23546631889,0.00084470529238,0.997733898477,-664.472921765
-635.237460387,-0.00413033780226,0.00413033780226,44,278,-636.424978026,-696.920893783,14.8862878025,-8.49084614489e-18,0.208887900806,1.23230685018,0.000957673387391,0.997108565749,-665.39659056
-642.041811331,-0.00573468753788,0.00573468753788,44,279,-639.275301233,-703.048897442,12.439799883,2.10891679564e-17,0.206169761566,1.22896181677,0.000726494818657,0.996637970373,-668.591261383
-637.636373247,-0.0035200680409,0.0035200680409,44,280,-639.767308608,-734.622781459,15.6865725093,-1.78330211683e-16,0.201393610028,1.22310610392,0.000982065207031,0.997373928228,-669.018767895
-640.623418634,-0.00169882003836,0.00169882003836,43,281,-636.355849462,-699.042502034,13.1774952093,2.37155390893e-17,0.200366010901,1.22184988671,0.000610200149481,0.997786783971,-665.22850136
-629.714080234,-0.00491558464878,0.00491558464878,44,282,-634.604857196,-691.471222765,13.4903384604,3.49514655901e-18,0.209318738806,1.23283788919,0.000771589570228,0.997815561191,-663.351917844
-635.475749441,-0.0071506066719,0.0071506066719,44,283,-637.268296569,-693.687997673,11.4142554647,-1.04083408559e-17,0.205236184419,1.2278150215,0.000806411513464,0.997978915772,-666.242236566
-638.709041108,-0.0042402106357,0.0042402106357,44,284,-638.596903038,-709.763892174,14.3764362339,-1.76419001173e-17,0.209359065389,1.23288760633,0.00048698338735,0.997314972297,-667.968770478
-638.167899402,-0.00508144590571,0.00508144590571,44,285,-635.780326767,-698.089851169,13.9338546591,-4.2019214799e-17,0.211221990616,1.23518652445,0.000682801211216,0.997471098028,-664.70161249
-635.073459955,-0.00766202191333,0.00766202191333,44,286,-635.18968207,-691.237180176,12.5085761584,-7.25540485391e-17,0.206269853228,1.22908483176,0.000943809596139,0.998088945109,-664.082563037
-628.435106224,-0.0089311190264,0.0089311190264,45,287,-633.794441578,-692.944600224,14.6303511787,-9.64354306061e-17,0.207871354046,1.23105478914,0.00082959710742,0.997757564203,-662.406195298
-635.792277003,-0.00122080469409,0.00122080469409,44,288,-634.352060259,-694.902405529,14.825899385,-1.46459310444e-17,0.206734989913,1.22965665718,0.000697023617082,0.997475410912,-663.235103636
-629.95076684,-0.00608277962981,0.00608277962981,43,289,-636.154779564,-701.664871473,15.5991623247,-1.51474301349e-16,0.204009307811,1.22630956766,0.000869243814572,0.996435746618,-665.286970476
-635.807159116,-0.00337612251401,0.00337612251401,44,290,-634.868538586,-701.713433634,15.6122850256,5.31087349257e-17,0.19995582947,1.22134880934,0.000800087532055,0.997163502743,-663.78619744
-633.770314154,-0.00368349914226,0.00368349914226,44,291,-636.60008375,-700.837264281,15.3500439698,-5.57152363461e-17,0.202232659771,1.22413278143,0.000568267487846,0.996977940132,-665.611195151
-636.016224466,-0.00405462292825,0.00405462292825,44,292,-633.544725081,-682.298366406,12.9173055534,1.6525439491e-16,0.190742210117,1.2101474481,0.000681813677634,0.998006221187,-662.367597804
-633.055478264,-8.82246471136e-05,8.82246471136e-05,44,293,-634.51885412,-700.882576034,15.1962256683,4.25015290185e-17,0.191678504383,1.21128103282,0.000404477396855,0.997570910651,-663.361353642
-637.681826131,-0.0046928534935,0.0046928534935,44,294,-637.122890884,-698.373258849,14.5931600424,1.64636950835e-16,0.186433945317,1.2049450272,0.000852546539823,0.997546805638,-666.048648913
-625.518761964,-0.00550035660306,0.00550035660306,43,295,-635.481947039,-708.375784043,18.6366814483,-5.56666446521e-17,0.185611581842,1.20395453174,0.000876922474569,0.996743946447,-664.537830792
-634.08351176,-0.00431399187653,0.00431399187653,44,296,-633.060659438,-696.277668008,13.8070362956,3.57535976362e-17,0.187603788341,1.20635544855,0.000659369158394,0.997782993827,-661.684432435
-641.39475148,-0.00175570990315,0.00175570990315,44,297,-635.307165666,-715.010634684,14.5330454644,8.98363952036e-17,0.188243077613,1.20712690522,0.000667421177971,0.996731451547,-664.322849565
-628.158369185,-0.00180420530673,0.00180420530673,44,298,-632.738147087,-695.553250409,17.5420242108,-3.24717040629e-17,0.188787950528,1.20778481519,0.000951130240703,0.996613212891,-661.381051633
-632.953450042,-0.00544868098253,0.00544868098253,44,299,-632.643783232,-683.405195473,12.9623267677,-2.05406665056e-19,0.180465581456,1.1977748951,0.000893991464455,0.99770097353,-661.348485577
-638.309111857,-0.000366893143054,0.000366893143054,44,300,-634.095840173,-700.440227079,14.7201958206,6.5003764453e-17,0.190783323977,1.21019720295,0.000383428550325,0.997519801922,-662.702006524
-632.849331331,-0.00363053997876,0.00363053997876,44,301,-632.92078722,-686.29887028,13.0137432521,5.44070904066e-17,0.183199136731,1.20105355815,0.000820546626083,0.997764565752,-661.564041587
-636.430046487,-0.00495368532135,0.00495368532135,44,302,-633.432048598,-702.114294196,12.6560623749,-4.47507447253e-17,0.17760628798,1.19435499674,0.000922374617915,0.997723708047,-662.168082461
-630.479247067,-0.0057651595404,0.0057651595404,44,303,-635.95403444,-691.518421108,13.3375955289,2.42157155337e-17,0.177006007297,1.19363826365,0.000896066597174,0.997688715912,-664.935514357
-631.448956839,-0.00158999520203,0.00158999520203,44,304,-631.178761911,-686.039462707,14.0521696793,-1.55749603778e-16,0.170475803319,1.18586895749,0.000957513958572,0.997616229996,-659.784409869
-637.575686494,-0.00206379450406,0.00206379450406,44,305,-634.569214805,-702.277750697,14.845868112,-3.10373989469e-17,0.169109184491,1.18424943354,0.000680216251934,0.997004439294,-663.57511534
-631.044560868,-0.00257623176354,0.00257623176354,43,306,-631.134726668,-695.16183975,15.235227932,-1.61266349112e-16,0.17188085844,1.18753633985,0.000627877149109,0.996547370392,-660.065108381
-626.750601346,-0.00279388586591,0.00279388586591,44,307,-635.464888279,-699.961223411,15.4650663877,-1.56984517129e-17,0.173658094979,1.1896487494,0.00066188761716,0.997076803786,-664.509903315
-643.547165548,-0.00575003809611,0.00575003809611,43,308,-635.801696759,-693.888742653,13.9772086219,-5.25578743531e-17,0.162401481733,1.17633242251,0.000898853854166,0.997781754167,-664.623144779
-634.830908138,-0.000519027379417,0.000519027379417,44,309,-631.169429761,-701.723163355,14.1219237273,2.48649027635e-17,0.167286398422,1.18209276634,0.000444889854799,0.997490322427,-659.846568336
-640.452968133,-0.000907337318142,0.000907337318142,43,310,-631.11184359,-683.712243678,11.2440065761,1.78950421732e-17,0.160349194122,1.17392072565,0.000636510543499,0.998162387796,-659.859093905
-636.161817549,-0.00108552898974,0.00108552898974,44,311,-630.398434824,-695.418553326,13.3555124798,2.14649964983e-17,0.161144105091,1.1748542591,0.000114631471098,0.997901162006,-658.912396938
-637.711583682,-0.00110151662473,0.00110151662473,44,312,-633.867471775,-696.416012062,15.2895569606,-2.80111518184e-17,0.155538554341,1.16828697773,0.000998012580866,0.997856811615,-662.654509456
-626.229806586,-0.00418181579872,0.00418181579872,44,313,-635.375711552,-699.003951648,14.201388616,1.18478262058e-17,0.154828639102,1.16745788733,0.000839019352558,0.99777052611,-664.349836048
-633.500641641,-0.000144476076773,0.000144476076773,44,314,-633.862550565,-701.380675002,15.5774860845,6.77215523339e-18,0.157302299729,1.17034935672,2.31852834037e-05,0.997338178239,-662.646070623
-629.579286597,-0.000562058868631,0.000562058868631,44,315,-633.511357533,-696.319286322,14.5847531691,3.27357042662e-17,0.160046226209,1.1735651192,0.000198611352579,0.997932811848,-662.319054289
-641.323100606,-0.0026171233038,0.0026171233038,44,316,-635.053025899,-718.109695537,14.2008071257,2.65598725414e-17,0.161546486379,1.17532709359,0.000692063223478,0.997371568415,-664.11505035
-637.853354614,-0.00108117895749,0.00108117895749,44,317,-634.649366646,-698.796173715,13.3129600208,1.42757632214e-17,0.156501179252,1.16941214135,0.000493748017725,0.997784905588,-663.4595788
-636.765135824,-0.00537275089772,0.00537275089772,44,318,-636.431666244,-704.922494245,15.4753939865,1.047341312e-16,0.154384453011,1.16693943393,0.000532525860223,0.997226410508,-665.208149186
-632.857831457,-0.000436980149935,0.000436980149935,45,319,-631.086695943,-708.697470719,15.1348225798,-1.18024623185e-16,0.155422748887,1.16815169156,0.000124718200141,0.997976238256,-659.33955425
-631.268143925,-0.00395087539458,0.00395087539458,44,320,-634.992013763,-695.298032237,16.5978628905,-5.21546630173e-17,0.151424919115,1.1634909426,0.000719508670099,0.997543862187,-663.553164438
-630.932159996,-0.0020485058265,0.0020485058265,44,321,-634.686756075,-696.022187107,14.4933838992,-9.66802020515e-17,0.149496502309,1.16124940911,0.000530485627325,0.997868809759,-663.30032103
-626.569119907,-0.00510839413111,0.00510839413111,44,322,-632.755765466,-691.624146096,16.2339037747,-2.51195712276e-17,0.153666087053,1.16610144539,0.000715804358694,0.997423532686,-661.295144835
-627.40000406,-0.00526635289677,0.00526635289677,44,323,-633.63323948,-703.278415783,14.2699073929,4.79929433651e-17,0.151871762426,1.16401095692,0.00057481462657,0.998048565897,-662.253374992
-628.03925064,-0.00193297813212,0.00193297813212,44,324,-630.813024993,-683.548157884,11.6329120645,-2.66721795414e-17,0.147123878435,1.15849746699,0.000156980233179,0.998584068574,-659.219160258
-633.448121112,-0.000312463517133,0.000312463517133,44,325,-633.815038144,-691.035547931,12.5467413317,2.09959151336e-17,0.143272510732,1.15404424826,0.000885085485925,0.998175379153,-662.618964078
-634.32261243,-0.00092750978684,0.00092750978684,44,326,-634.209155022,-693.533388347,14.2215245072,7.53218223026e-18,0.146193278547,1.15741987086,0.000106169000196,0.99797848981,-662.825836719
-628.478385294,-0.000639354430747,0.000639354430747,44,327,-631.391393985,-693.395085626,13.4594288543,1.16691965077e-16,0.15231468157,1.16452663385,0.000108861854388,0.997894368248,-659.857735014
-635.282241421,-0.00681517812385,0.00681517812385,44,328,-635.961483594,-698.218029399,13.1728058808,8.32925941121e-18,0.146013046801,1.15721128586,0.000872308345882,0.997856766176,-664.62217081
-633.823434334,-0.00197683957971,0.00197683957971,44,329,-632.803400162,-712.785218449,14.8632116181,-3.25321165355e-17,0.147676690509,1.15913807543,0.000500066932419,0.997446915352,-661.248706684
-633.709974075,-0.00765527582935,0.00765527582935,44,330,-635.0943487,-694.025213138,15.6074394404,-2.38383541731e-17,0.143436000642,1.15423293828,0.000921952178712,0.997665002511,-663.714971515
-624.061565019,-0.00121933251583,0.00121933251583,44,331,-628.330830127,-685.470081473,13.9232240298,-1.52242943572e-16,0.154005400158,1.16649718603,0.000513064786597,0.997645545327,-656.544219533
-633.144357359,-0.000465288964745,0.000465288964744,44,332,-631.348249004,-685.112004786,13.6166788135,-1.77842237061e-16,0.15420944345,1.16673522624,7.0014072222e-05,0.997691473394,-659.637824849
-631.145641359,-1.87203102979e-05,1.87203102978e-05,44,333,-631.415304723,-689.677531655,13.1314341459,-1.5299038062e-16,0.153746198146,1.1661948668,0.000179356582499,0.997705111975,-659.840550786
-630.578206663,-0.00225727951467,0.00225727951467,44,334,-631.722813659,-712.024632629,15.8316491244,1.80240823811e-17,0.15279947088,1.16509132078,0.000782867202778,0.997434266985,-660.227177866
-632.49252382,-0.00117589373235,0.00117589373235,44,335,-635.335457585,-690.800804911,14.3939478081,-1.39553173486e-18,0.145389811913,1.15649029611,0.00036124877821,0.997890501562,-663.945500191
-635.23218752,-0.00401057007181,0.00401057007181,44,336,-632.857680434,-691.078661296,14.2302708742,-6.97765867432e-19,0.146827342911,1.15815398227,0.000824056974293,0.997084808114,-661.289548604
-637.5282338,-0.00279807033806,0.00279807033806,44,337,-633.65964915,-688.41459993,11.8759894816,-3.57744278438e-17,0.142214603734,1.15282402233,0.00048816631427,0.998350002657,-662.201166957
-634.397799401,-0.000677857630643,0.000677857630642,44,338,-637.165626789,-688.667402859,12.0636966382,-6.49434081257e-17,0.14743285559,1.15885547155,0.000254545132236,0.998275222447,-666.011510908
-633.198998767,-0.00137777826517,0.00137777826517,45,339,-635.841763578,-693.355658092,14.7894497442,-8.14637571591e-17,0.150289621831,1.16217078402,9.13722790118e-05,0.998120942344,-664.367787294
-643.097690256,-0.00293272600543,0.00293272600543,44,340,-633.724062655,-690.684025032,11.5786969397,5.98922541604e-17,0.147455805254,1.1588820672,0.000292885921425,0.998542022231,-662.271275369
-635.788102943,-0.00432592964192,0.00432592964192,44,341,-634.355487981,-709.501349019,14.8028319032,-2.30041099759e-16,0.141812515061,1.15236057803,0.000278713821964,0.997758372793,-662.899757478
-632.124112532,-0.000484391454489,0.000484391454489,44,342,-633.152496292,-708.116634694,14.2022067623,7.34328827574e-18,0.137438875166,1.14733157338,0.000922427285101,0.997297615902,-661.733265989
-643.709907344,-0.00224320861579,0.00224320861579,44,343,-634.830336917,-688.129401827,10.8713829027,1.25481020923e-17,0.134600266879,1.14407936652,0.000708702357099,0.998552418897,-663.384617197
-638.678715326,-0.00284845468158,0.00284845468158,44,344,-633.221339796,-688.976802891,11.4467295248,7.25476892491e-17,0.132243423329,1.14138612546,0.000379007977855,0.998593537347,-661.639087458
-639.215575843,-0.000280078845604,0.000280078845604,44,345,-638.52365948,-710.897446725,14.3683816097,-1.18043877962e-16,0.134099518596,1.14350661416,0.00021707140099,0.997253546007,-667.692630513
-634.578965988,-0.00339525787465,0.00339525787465,44,346,-631.432965007,-684.405537956,11.6384547849,-5.60791723136e-17,0.135397800621,1.14499217237,0.000730073491816,0.998233286999,-659.728580932
-638.2880335,-0.00349182078965,0.00349182078965,44,347,-633.729076353,-697.878075187,13.3157780125,6.3558738927e-17,0.131162014973,1.14015248812,0.000703445131252,0.997575631644,-662.565897784
-637.02212487,-0.00483342466776,0.00483342466776,44,348,-632.284517707,-698.205375314,11.6236201383,-6.23147463682e-17,0.133070656751,1.14233070886,0.000837230156155,0.998511903783,-660.70600285
-636.722228382,-0.00102549285045,0.00102549285045,43,349,-632.915012747,-683.362799302,12.6455044098,4.62417369839e-17,0.127191128941,1.13563404957,0.000518237434046,0.997924128756,-661.348358296
-637.084406179,-0.00212563979114,0.00212563979114,45,350,-629.579754051,-692.94064403,11.4237361073,2.7590816491e-17,0.127629678648,1.13613219078,0.000787596117,0.998382878765,-657.7984737
-641.750355513,-0.000479751705615,0.000479751705615,44,351,-636.699014837,-690.421050578,12.3006179228,-8.18433639948e-18,0.12460924807,1.13270575962,8.99453860223e-05,0.997854416145,-665.700566405
-633.522695659,-0.000738471620448,0.000738471620448,44,352,-634.269759338,-697.998217237,14.5958756001,-1.70605302298e-17,0.124219389898,1.13226425109,0.000196434481871,0.997483923085,-662.847152107
-634.630386169,-0.00220159846212,0.00220159846212,45,353,-631.380736296,-684.060238346,11.6499409964,5.52569792934e-17,0.124297768016,1.13235299931,0.000256931210394,0.998665484526,-659.594550376
-634.561695187,-0.00422573540146,0.00422573540146,45,354,-633.073801348,-687.03178272,12.3536987669,-2.87196632513e-17,0.127406611306,1.13587878505,0.00030369492603,0.998186851083,-661.366345981
-638.524952422,-0.00663856315345,0.00663856315345,44,355,-632.255736092,-682.037141654,11.260325536,-3.49628245324e-17,0.127947300208,1.13649310817,0.000537803938049,0.998229805694,-660.805455486
-636.656209186,-0.00170062494522,0.00170062494522,44,356,-635.499812507,-696.891469669,12.633147853,-4.33986901919e-17,0.127995058499,1.13654738643,0.000773340141673,0.998195895038,-664.161414295
-640.282731747,-0.000251430653501,0.000251430653501,44,357,-630.997624468,-683.677554773,11.7201109955,9.03789326244e-18,0.12741152327,1.13588436446,0.000142583418146,0.997996752029,-659.452036831
-631.535469882,-0.00171095429088,0.00171095429088,44,358,-633.763463946,-689.490661457,13.1110867124,-1.03281038773e-17,0.126832369211,1.13522670288,0.00059396969277,0.998098883315,-662.37833158
-639.051468916,-0.000282693264757,0.000282693264757,44,359,-635.37814319,-691.016088912,12.6468729983,-2.28212510617e-17,0.128695799371,1.13734409075,7.33914089781e-05,0.998189764594,-664.06241149
-633.856330898,-0.00189227677007,0.00189227677007,44,360,-634.592614863,-695.893119978,14.3003729294,6.11546139257e-17,0.127943409305,1.13648868619,0.000734198040869,0.9973899688,-663.272290118
-639.236830584,-0.000156139982054,0.000156139982054,44,361,-636.107074002,-686.816985579,11.2329962457,6.33825192928e-17,0.126508909398,1.13485956205,0.000124542133322,0.998079167509,-664.791290839
-641.255137686,-0.000636230316783,0.000636230316783,44,362,-635.888597084,-700.126882405,14.3850910877,-1.11227140659e-16,0.125549385886,1.13377115987,4.6153093507e-05,0.99794328337,-664.686433653
-631.045196385,-0.00278586929445,0.00278586929445,44,363,-633.322941684,-687.222366222,11.8388263209,1.80398355905e-17,0.128777565817,1.13743709113,0.000735786575784,0.998398472429,-661.792436863
-628.906284265,-0.00104309509156,0.00104309509156,44,364,-636.985209312,-693.470026679,13.5943632864,1.2018833671e-16,0.13377382712,1.14313424444,0.000903122077218,0.997937146106,-665.71222241
-641.571778971,-0.000951210492755,0.000951210492755,44,365,-634.680316115,-690.62085243,11.8827365079,6.81788165401e-17,0.136102837382,1.14579971858,0.000263764544235,0.998488385039,-663.233182391
-637.987603153,-0.00744990911037,0.00744990911037,45,366,-639.79675389,-714.33295749,15.0977596937,3.04186533902e-17,0.128752007503,1.13740802053,0.000476107448541,0.997885523022,-668.594099838
-635.49027733,-0.00220037150881,0.00220037150881,44,367,-633.029217621,-679.046487876,10.3762712393,4.33520543349e-17,0.1342748116,1.14370708043,0.000857042758376,0.998146871373,-661.630274839
-632.989129519,-0.00143053427453,0.00143053427453,45,368,-632.960167367,-693.112586729,14.8879274944,3.04628195453e-17,0.128151080159,1.13672472628,0.000834065759641,0.997672991907,-661.429218067
-637.554055082,-0.00602417554838,0.00602417554838,44,369,-633.045754874,-687.927914399,12.9650657433,-6.09534209598e-17,0.130749017008,1.13968170469,0.000348940566007,0.998362674124,-661.389831888
-622.147328873,-0.00560152174275,0.00560152174275,44,370,-632.848590946,-699.186781634,15.6208272547,-2.7600516534e-17,0.127704344573,1.1362170243,0.000723133702772,0.997514129443,-661.324324857
-631.92723588,-0.000343057965897,0.000343057965897,43,371,-631.741552244,-686.552821202,13.4403635194,1.01858222468e-16,0.132096842713,1.14121883264,0.00094359441624,0.997800291727,-660.227005629
-627.681264225,-0.00100979792266,0.00100979792266,43,372,-632.932195313,-698.687185985,15.9131280695,7.66507254418e-17,0.144092659957,1.15499112499,0.000611189090973,0.997330694099,-661.437213284
-631.500673516,-0.000775528836093,0.000775528836093,44,373,-636.520869461,-721.007382907,17.8574432914,1.27470050975e-17,0.149843794567,1.16165277208,0.000251210566584,0.996802481027,-665.273396149
-630.348800607,-0.00010522109819,0.00010522109819,44,374,-632.425366784,-690.196426545,14.0808505129,-5.86065685862e-17,0.149339324451,1.16106690076,0.000593133833182,0.997798924359,-660.859649815
-629.698348632,-0.00708991401668,0.00708991401668,45,375,-636.008531891,-692.401130947,13.2807975499,-4.63958514903e-17,0.146751801002,1.15806649641,0.000759693733195,0.998250820048,-664.359340276
-640.454955431,-0.00741723220888,0.00741723220888,44,376,-634.230153421,-709.178797138,13.5688524628,-7.08565344102e-17,0.149976505132,1.16180694591,0.00089242973263,0.997482875858,-662.738300704
-640.344049959,-0.00671304447805,0.00671304447805,44,377,-632.134938347,-692.699471502,11.5060656352,-1.07387334655e-16,0.143678595889,1.15451298367,0.000894066193981,0.9983908156,-660.441096457
-631.477538863,-0.000153640271448,0.000153640271447,44,378,-631.160223807,-698.811136513,14.8401858611,-2.67067474126e-17,0.138493781029,1.1485425388,6.34989633926e-05,0.997301175429,-659.763568065
-632.877423409,-0.00245906688373,0.00245906688373,44,379,-631.149623222,-698.453051191,15.3044107664,5.23732719243e-17,0.135497625889,1.14510647722,0.000240783393563,0.997557075286,-659.69921024
-632.344057152,-0.000403008006818,0.000403008006818,44,380,-633.448891688,-692.145518203,13.8922851806,1.10202949677e-16,0.138755227965,1.14884286098,0.0008997704624,0.998001979394,-662.083234768
-635.969707062,-0.00134617312649,0.00134617312649,44,381,-633.916932017,-689.990971574,13.6438238376,5.13323378021e-17,0.136591766666,1.14636007059,0.000427163824618,0.998078598811,-662.414414422
-634.362037732,-0.0036811800762,0.0036811800762,44,382,-631.327092287,-682.924869153,11.8791730938,6.19182554823e-17,0.143878958775,1.1547443284,0.000590453514914,0.997639207586,-659.805677308
-638.893947613,-0.00362616656847,0.00362616656847,44,383,-635.425729291,-698.245374858,13.2850529799,3.48224933923e-18,0.140327281492,1.15065032379,0.000640852105782,0.997705993309,-664.186405182
-621.199292245,-0.00158704268231,0.00158704268231,44,384,-635.583974928,-699.248090138,14.4230847723,-6.00384740379e-17,0.139635163144,1.14985421313,0.000291689943756,0.997927019722,-664.23722197
-639.678840777,-0.000159622878985,0.000159622878985,44,385,-636.600542541,-690.542258026,10.6783497638,-8.68225102668e-17,0.14030756342,1.15062763541,0.000237449398049,0.998106019222,-665.449446949
-631.055056853,-0.0028775294854,0.0028775294854,44,386,-631.762817833,-679.254834211,10.957183032,6.81039586865e-17,0.139488458283,1.1496855363,0.000385810778043,0.998335193937,-660.232540484
-642.230387173,-0.00105862615395,0.00105862615395,44,387,-634.524324827,-686.430306673,13.3559771904,-1.48200908838e-16,0.141585257707,1.15209872537,0.000510038011401,0.997610858503,-663.195827525
-630.263897701,-0.000795036864047,0.000795036864047,44,388,-634.469251724,-685.451716028,14.1760606182,-7.31901901099e-18,0.141046858133,1.15147860286,0.000251351419442,0.997704321379,-663.101009224
-632.585992215,-0.0015667178305,0.0015667178305,44,389,-632.416856026,-693.298631492,13.6488716222,1.68488433997e-17,0.143327024938,1.15410716178,0.000668437556721,0.997943546474,-660.844762359
-635.820453849,-0.000418874969664,0.000418874969664,44,390,-633.260198229,-688.086757318,13.2939096054,-4.13642650449e-17,0.13977636974,1.15001659159,0.00016927948201,0.997911238887,-661.895235814
-632.122281961,-0.00594615143527,0.00594615143527,44,391,-631.156363734,-686.318562826,11.3843677759,7.53880569597e-17,0.14160302362,1.15211919364,0.00051359895884,0.998284625957,-659.500987668
-626.962540258,-0.000153007342293,0.000153007342293,45,392,-631.180078155,-685.87207048,12.3750431806,-4.22301209961e-17,0.135236514632,1.14480751606,7.18656691121e-05,0.99822375321,-659.408039636
-634.908364477,-0.00357867109533,0.00357867109533,44,393,-630.635403595,-678.691223042,9.9139845615,-2.6957409712e-17,0.134618149226,1.14409982553,0.000696769288896,0.998403208777,-658.977056554
-637.161546794,-0.000710019898742,0.000710019898742,44,394,-632.999964624,-705.780475361,15.6831567068,-6.06043893887e-17,0.13650582389,1.14626155346,0.000146304346143,0.997368859713,-661.47252307
-629.623499148,-0.00124023313108,0.00124023313108,44,395,-631.415472005,-698.955375017,14.3443115907,2.3394718079e-17,0.131030598074,1.14000266266,0.000958344843562,0.997659984876,-659.875919968
-637.121097069,-0.00384894691263,0.00384894691263,45,396,-631.232415541,-686.116920583,12.2907349236,3.51017112455e-17,0.132821230569,1.1420458172,0.000640011207247,0.997986003926,-659.568822283
-629.574084413,-0.000437183765107,0.000437183765107,44,397,-626.482821463,-682.250875775,13.0133978008,4.30263012331e-17,0.129076523724,1.13777718778,4.77584253444e-05,0.998114368738,-654.605856583
-638.211962658,-0.000893523562191,0.000893523562191,44,398,-633.613576711,-694.507793298,13.5903200667,-1.05686665006e-17,0.132215810742,1.14135460928,3.46208868219e-05,0.997955530596,-662.182092041
-631.042916735,-0.00106009709303,0.00106009709303,45,399,-627.599003005,-676.776677852,11.1190473001,1.61145008611e-16,0.13129584894,1.14030508947,0.000141597770846,0.998614737599,-655.537508037
-637.350708759,-0.000715857069107,0.000715857069107,44,400,-630.71615541,-675.828655341,9.92073144136,7.61413381115e-18,0.129230645181,1.13795255717,0.0004472191898,0.998512989268,-659.042670275
-636.214024821,-0.0010082941988,0.0010082941988,44,401,-631.966150544,-691.389006056,13.3439632431,-1.93060000131e-17,0.131008886869,1.1399779121,0.000189650316322,0.997916733816,-660.462725279
-625.852198735,-0.00189076385756,0.00189076385756,44,402,-630.652402591,-682.977031146,15.0734263155,-4.36893319876e-18,0.131672866302,1.14073508533,0.000664907108205,0.99731034766,-659.10670533
-636.67765345,-8.95008151902e-05,8.95008151902e-05,44,403,-633.381093888,-689.165220692,11.4935343263,-1.36729496114e-17,0.132578722105,1.141768895,9.62108349885e-05,0.997825153087,-661.991228799
-643.705519926,-0.00403882963962,0.00403882963962,44,404,-633.141321094,-687.052682963,10.3586765778,4.02030621731e-18,0.133233081679,1.14251626691,0.000458914197671,0.998354482375,-661.545816078
-633.238562475,-0.000243802950381,0.000243802950382,44,405,-631.383456837,-682.402849215,12.8766249135,1.74500095453e-16,0.132288520357,1.14143759975,0.000166172231838,0.998056881947,-659.956107342
-638.152195287,-0.000439711238452,0.000439711238452,44,406,-627.957084438,-677.042011064,9.09202729054,-8.88383826365e-18,0.136495065848,1.14624922199,0.000708588596857,0.998438924963,-656.220160845
-632.23256588,-0.0015909781937,0.0015909781937,44,407,-630.665819705,-713.365622315,16.3130145493,2.11736127445e-16,0.143683334068,1.15451845397,0.000531867392716,0.996867530991,-659.018266181
-639.168336189,-3.00022062511e-05,3.00022062511e-05,44,408,-632.657432059,-696.023231406,13.2309157292,-6.65418859745e-17,0.138662963447,1.14873686844,2.5887966768e-06,0.997524992408,-661.255885379
-627.652778768,-0.00264292766145,0.00264292766145,44,409,-631.037451642,-676.905578342,10.6599916372,-5.90160335745e-17,0.138186509448,1.14818967853,0.000758326826081,0.998270847621,-659.332470989
-630.341262799,-0.000449189188693,0.000449189188693,44,410,-637.508307179,-704.720533132,15.3320968566,-4.25517464401e-17,0.13039328629,1.139276357,0.000121809002412,0.997357080414,-666.323656817
-625.700631461,-9.68415258324e-05,9.68415258324e-05,43,411,-632.99686506,-686.174269898,14.2503935794,4.10391669902e-17,0.13805654136,1.14804046021,1.43814478294e-05,0.998020216612,-661.351537398
-636.139872286,-0.00702130391532,0.00702130391532,44,412,-633.117738176,-706.76826299,14.679257598,-6.82658064444e-17,0.131419717294,1.14044634593,0.000667070661726,0.998177379619,-661.409026709
-636.889011352,-0.00436606768659,0.00436606768659,44,413,-632.579591076,-682.91865593,13.653872056,2.17082714312e-17,0.12622384328,1.13453609814,0.000450177216726,0.998111840364,-660.874257692
-629.232357123,-0.000221206760707,0.000221206760707,43,414,-633.323490801,-689.161846553,12.4884489276,3.66929233823e-18,0.125884274318,1.1341509103,0.000153961551435,0.998179423044,-661.855353811
-636.078272434,-0.000458097760798,0.000458097760798,44,415,-634.209331443,-699.791499165,14.1363421726,1.90995129351e-17,0.127473099338,1.13595430991,0.000308286679875,0.99736861915,-662.805299164
-635.911216486,-0.000670325913173,0.000670325913173,44,416,-631.267104724,-692.38026976,13.3782452396,8.35512667647e-17,0.125057645089,1.13321377539,0.00020326120332,0.997736541333,-659.452020119
-638.05190797,-3.96510830196e-05,3.96510830197e-05,45,417,-633.410884767,-702.297936203,14.5604923831,1.04628879195e-16,0.125890326856,1.13415777481,6.74759920499e-05,0.997618970196,-661.781594422
-627.312790904,-0.0102403539431,0.0102403539431,44,418,-634.85504128,-691.090668705,15.6626178639,3.78672723083e-17,0.125994441326,1.1342758632,0.00096893996043,0.997820078269,-663.443202858
-639.873538812,-0.000971577324721,0.000971577324721,44,419,-634.36559529,-711.466291318,13.3057268642,1.7088225356e-17,0.124322059953,1.13238050669,0.000381861953617,0.997664148915,-662.975734873
-629.052458265,-0.001757584212,0.001757584212,44,420,-631.408199509,-710.406254734,16.1794845808,2.74460338801e-17,0.132509877517,1.1416902931,0.000778128982675,0.997211486326,-659.759726635
-641.788238097,-0.000867660427514,0.000867660427514,45,421,-631.892659894,-689.13393738,10.6798772919,2.10454364558e-17,0.137611359402,1.14752948705,0.000123681948335,0.998434835952,-660.094248149
-633.513232026,-0.00156114599559,0.00156114599559,44,422,-631.431831209,-682.911291238,10.30311026,-1.31574337988e-16,0.136847527304,1.14665330187,0.000396646702043,0.998459499804,-659.761758229
-634.128177631,-0.00144768244813,0.00144768244813,44,423,-633.091810194,-689.593172615,13.5185340051,8.84853935713e-17,0.1352107626,1.14477803532,0.000228759734108,0.997977718285,-661.527210822
-629.874521503,-7.53485860891e-05,7.5348586089e-05,45,424,-629.071953105,-684.453858691,11.2453113604,-2.39718786653e-17,0.139181872413,1.14933311298,4.98036778338e-05,0.998380439528,-657.162631027
-637.742278121,-0.000353985816273,0.000353985816273,44,425,-629.568792724,-687.46718736,11.3961551324,5.05492606184e-17,0.14153071404,1.15203588739,4.0197570861e-05,0.998375348993,-657.734913027
-634.548789143,-0.000505830585894,0.000505830585894,43,426,-633.398203876,-700.466374774,14.2056423276,-8.64561139784e-18,0.140702822639,1.15108252148,0.000126543111836,0.99766931326,-661.938722243
-634.823006511,-0.0072659097441,0.0072659097441,43,427,-632.327835885,-688.354860197,12.3609199768,-4.48095712693e-19,0.147701526567,1.15916686421,0.000692071256263,0.998392759597,-660.665029277
-634.106839815,-0.000957414384836,0.000957414384836,44,428,-631.655950418,-694.478534941,13.1315784793,1.73705370154e-16,0.140736053489,1.15112077357,0.000474868104419,0.997962322852,-660.002702246
-632.648103959,-0.00610413489073,0.00610413489073,44,429,-631.077325225,-684.466911397,12.0863033237,-5.27252756118e-17,0.13571859927,1.14535954323,0.000515549372078,0.998603921829,-659.383896731
-630.193692658,-7.25939345331e-05,7.25939345331e-05,44,430,-632.828894668,-701.263220163,17.3977175016,-1.09177056438e-17,0.137478256022,1.14737675717,7.42515219839e-05,0.997097577554,-661.47363758
-633.141431733,-2.95985395222e-05,2.95985395222e-05,45,431,-632.296552134,-685.46457782,13.0468231416,-5.31328247884e-18,0.140804965775,1.15120010267,6.97364430202e-06,0.998098732813,-660.644332389
-638.304554074,-0.0027924150841,0.0027924150841,43,432,-634.507615033,-704.914296724,16.3514450968,4.63470712367e-17,0.139991799065,1.15026436558,0.000550840229347,0.997471053056,-663.027125021
-632.967280538,-0.000992749314582,0.000992749314582,44,433,-632.327030118,-699.965265432,13.8201526025,-1.90162854172e-17,0.13642878412,1.14617324913,0.000669988383781,0.9972913727,-660.863504023
-632.663873667,-0.00099758323659,0.00099758323659,44,434,-636.083521498,-699.992233508,13.5160015971,7.31970244596e-17,0.134971951272,1.144504682,0.000212958394947,0.997305959361,-664.933120018
-630.925548733,-0.0080484242367,0.0080484242367,45,435,-628.377685201,-680.198326095,11.8331181802,-7.0479880311e-17,0.139247815361,1.1494089059,0.000920841730848,0.998006199699,-656.381575911
-635.497105705,-0.00614581627967,0.00614581627967,45,436,-629.811122444,-677.694175132,10.2913849096,8.90618470304e-17,0.141069410554,1.15150457178,0.000616617379833,0.99863835994,-657.941206955
-632.893115362,-0.000427442511143,0.000427442511143,44,437,-631.687308967,-693.413664581,11.9505673236,9.57708575821e-17,0.138517227806,1.14856946873,5.23184840476e-05,0.998302274463,-660.159724927
-636.764522383,-0.00313819344244,0.00313819344244,44,438,-632.30531867,-692.698741968,12.9793243747,-1.05146470299e-16,0.137842595623,1.14779486812,0.000682109643341,0.998144146571,-660.696386972
-629.762894043,-0.000105122144794,0.000105122144794,44,439,-628.647161161,-686.133624607,13.2295993059,-7.64242957869e-17,0.134388632275,1.14383726535,1.00019317869e-05,0.998259681965,-656.966577646
-630.906829919,-0.000233916497462,0.000233916497462,45,440,-634.148341863,-693.388270388,12.4370331957,-1.53118258813e-16,0.139246761943,1.14940769509,0.000128352385713,0.99802179837,-662.622855878
-632.257106139,-0.00150465251363,0.00150465251363,44,441,-631.723038574,-693.80178132,15.2982422023,5.35047240783e-18,0.139930297027,1.15019362415,0.000507506324696,0.997341127961,-660.168380654
-635.85127689,-0.0060532409452,0.0060532409452,45,442,-628.840586615,-690.127051893,11.4467005884,1.86558024229e-17,0.141347522302,1.15182486327,0.000718967527332,0.998540356282,-656.885000163
-626.006493661,-0.000771211609542,0.000771211609542,44,443,-632.562382312,-701.660200293,16.5364153465,9.79852007754e-17,0.137286626292,1.14715690673,0.000126962039944,0.997108196362,-660.909411219
-637.338034341,-6.00148770535e-05,6.00148770534e-05,44,444,-631.219382302,-685.039036314,13.0657143771,-4.29464750713e-17,0.135761919731,1.14540916181,0.000802056910553,0.997750482462,-659.651324632
-644.624675444,-0.000970160306006,0.000970160306006,44,445,-634.947120476,-687.689319995,10.8363974314,-1.00742459642e-17,0.139833229675,1.15008198332,0.000454683405852,0.998361975565,-663.683963034
-632.935706451,-0.0101727891111,0.0101727891111,45,446,-633.318416315,-707.265738864,16.186179155,-8.02586089068e-17,0.141036270213,1.15146641116,0.000802304106673,0.997296965235,-661.752686895
-625.69457324,-0.000502570977917,0.000502570977917,45,447,-629.851929854,-699.07074496,15.0464722365,-9.01549718902e-18,0.135955823471,1.14563128246,8.55483415798e-05,0.997953450606,-658.111133466
-637.716924234,-0.0067324624169,0.0067324624169,44,448,-631.09640167,-686.401719105,11.800707315,-5.50459739863e-18,0.136954214923,1.14677564211,0.000617373611084,0.99853379281,-659.38772152
-630.844121237,-0.000980460432036,0.000980460432036,44,449,-629.615559176,-680.588074148,12.5657249135,1.44856685412e-18,0.13334496146,1.14264409853,0.000501484511277,0.998139130061,-657.880273417
-632.965565823,-0.000768747290138,0.000768747290138,44,450,-632.348274903,-709.105009922,14.4456563537,-1.84695142729e-17,0.136056962132,1.14574715594,4.68633195496e-05,0.997985505285,-660.827349411
-626.439474932,-0.00051778260145,0.000517782601451,44,451,-630.430117522,-687.940681944,14.0138311804,2.05822856191e-16,0.13743528606,1.14732745549,0.000195117201644,0.997451967881,-658.776714076
-639.650081913,-0.000260618213333,0.000260618213333,45,452,-632.357323146,-690.427147204,13.0207312662,9.15327316067e-17,0.14062212669,1.15098963754,1.51954642981e-05,0.998130757181,-660.755486031
-636.130249647,5.06111038867e-05,-5.06111038866e-05,44,453,-632.815914955,-684.018298545,11.2116831617,5.39103645446e-17,0.141046409113,1.15147808582,2.81443097623e-06,0.998375989438,-661.186765134
-628.212523414,-0.000156575380678,0.000156575380678,45,454,-635.226722722,-684.057893425,13.3599002967,-1.60489696149e-16,0.137656661094,1.14758147326,0.00017272331024,0.998094574807,-663.736029587
-633.963166992,-0.000270750880752,0.000270750880753,44,455,-632.70591822,-687.958287175,13.4841193269,2.18145485245e-16,0.137846622088,1.14779948968,3.73261916951e-05,0.998102315329,-661.200086555
-632.238057009,-0.000470070787816,0.000470070787816,45,456,-632.668414931,-690.366944555,15.9517422929,-8.85595327809e-17,0.141842657463,1.15239531347,3.27737163669e-05,0.998010576119,-661.027958454
-622.522679006,-0.000551756150245,0.000551756150245,45,457,-631.265786972,-681.49029368,13.4644125446,1.22682178977e-17,0.140202206199,1.15050641487,5.25856379777e-05,0.997697659903,-659.564087444
-634.126718678,-0.000133945506002,0.000133945506002,45,458,-631.384429885,-692.907293612,14.2871205203,-1.17980241821e-16,0.14682081822,1.1581464257,1.2730508846e-05,0.998192187855,-659.578093367
-635.852850676,-0.00054125648485,0.00054125648485,44,459,-634.588430212,-684.313957042,10.6068275476,-2.69019558623e-18,0.142773773394,1.15346882681,0.000177707883874,0.99810566783,-663.147277627
-629.104857797,-0.00100920155063,0.00100920155063,44,460,-634.078378841,-691.100800677,15.4531089205,-4.68197501065e-17,0.141290862264,1.15175960267,0.000593680087188,0.997847772098,-662.569836999
-632.985258042,-0.00019348504571,0.00019348504571,44,461,-631.361661153,-686.348886053,14.7118838379,8.25948041597e-17,0.14035375184,1.15068078231,5.82879130537e-05,0.998034145643,-659.745112029
-637.593714994,-6.22232540814e-05,6.22232540814e-05,44,462,-634.239874351,-713.595210065,14.2643775294,-1.63086514739e-17,0.1402374969,1.15054701776,0.000221190596822,0.99797165255,-662.857328141
-634.455696478,-5.34580940387e-05,5.34580940386e-05,44,463,-633.938342749,-695.70005779,15.0775044638,-2.85810202436e-17,0.142360889946,1.15299267693,0.000226116891458,0.997898151858,-662.429475389
-629.869892325,-1.80876515145e-05,1.80876515146e-05,45,464,-631.092461887,-682.799123587,13.4310126917,3.9799015901e-17,0.14044664163,1.15078767377,4.41217613246e-05,0.997975725548,-659.363568706
-628.233900839,-0.000135059501653,0.000135059501653,44,465,-634.531509317,-698.727876621,15.3406474881,-2.49078587117e-17,0.144688909833,1.15567999366,2.83634114389e-05,0.997869261223,-663.007733413
-633.93946677,-0.0013446113041,0.0013446113041,45,466,-632.518358642,-708.504868771,13.0598571714,-6.58847027376e-17,0.143426728553,1.15422223618,0.000136102685491,0.998290540254,-660.813201852
-625.389737236,-0.00022970121047,0.00022970121047,44,467,-631.531362438,-694.286179796,15.9890757316,-6.31161272154e-17,0.137805541447,1.14775233831,6.44274373521e-05,0.997819637916,-659.810433256
-628.145817251,-0.000424615473908,0.000424615473908,45,468,-633.246425976,-701.583019055,16.8091033949,-5.32600077712e-17,0.147816725467,1.15930040665,1.17722206846e-05,0.997815463284,-661.361555026
-627.75530916,-0.000432130062666,0.000432130062666,44,469,-633.785851007,-697.481204221,15.8643859759,-1.56076338982e-17,0.140568846057,1.15092831371,5.82104568712e-05,0.997508660187,-662.147414775
-627.335124192,-0.000391928733176,0.000391928733176,45,470,-630.551638085,-688.880196249,13.9389625348,-1.66431970785e-16,0.138109620553,1.14810139889,5.62300322061e-05,0.997968843487,-658.741385527
-633.434001135,-0.00137469085195,0.00137469085195,44,471,-634.920292331,-689.384929255,14.2171889764,1.69487828689e-16,0.141125800398,1.15156950678,0.000733166712434,0.997881955012,-663.41528443
-637.003572451,-6.3649549707e-05,6.3649549707e-05,45,472,-635.19559494,-713.899406448,15.8156619808,4.47949088618e-17,0.140201169224,1.15050522182,7.05058308817e-06,0.997900974719,-663.707191372
-632.134209056,-0.000173886557559,0.000173886557559,45,473,-632.813630444,-685.088703118,12.9883952196,4.30760405369e-17,0.143909485814,1.15477957986,4.88363446902e-05,0.998196584328,-660.97551593
-639.674491637,-0.000101035078418,0.000101035078418,44,474,-634.838763828,-691.382693503,13.3803933364,1.32110337567e-16,0.141053012628,1.15148568965,2.8040197298e-05,0.998414218668,-663.302659859
-633.861439489,-0.000234837108075,0.000234837108075,45,475,-634.055556499,-703.669577284,15.8109897345,3.16701472448e-17,0.140237423065,1.15054693281,6.37029730512e-05,0.997455762333,-662.504774548
-637.375251422,-8.57382494061e-05,8.57382494061e-05,45,476,-636.776441922,-703.499109661,16.4154165698,1.11123323666e-18,0.145219824603,1.15629372414,0.000124743709319,0.998062504499,-665.367346619
-634.335518512,-0.000326062359489,0.000326062359489,45,477,-635.808847738,-688.583779118,12.5954799035,-1.95891780239e-17,0.144528790987,1.15549496233,3.66833873201e-05,0.998126931621,-664.15471199
-632.149014572,-0.00616201608653,0.00616201608653,45,478,-631.108906227,-687.137949378,13.8602779436,5.09192361478e-17,0.141044747936,1.15147617301,0.000784530867224,0.99829383145,-659.170318425
-636.926278544,-4.75175397986e-05,4.75175397987e-05,45,479,-633.72609668,-697.247917212,13.6403839021,2.3015582337e-17,0.145678320126,1.15682400119,7.00021913389e-05,0.997649314426,-662.117573226
-637.371130848,-0.000748173423412,0.000748173423412,45,480,-635.4861131,-703.634817017,15.8387611286,1.66686096639e-16,0.152351430614,1.16456942988,2.32817201148e-05,0.99817797174,-663.807863654
-640.078983629,-9.14448228427e-05,9.14448228424e-05,44,481,-637.551166685,-697.550095434,12.8011771844,-2.17782512789e-16,0.151546078909,1.16363191946,4.16670147085e-05,0.998255619379,-666.002245721
-634.694529366,-0.000267394358958,0.000267394358958,45,482,-633.252853539,-716.996214874,16.9993425366,5.69423779665e-17,0.146858317106,1.15818985571,9.30722352434e-06,0.997675354238,-661.424623393
-634.300714406,-9.60882721341e-05,9.60882721341e-05,45,483,-635.801375751,-701.38552085,12.8344559101,-2.52601201933e-17,0.149181285291,1.16088342122,4.27495654206e-06,0.998210744335,-664.150788441
-636.353421855,-0.000175921992937,0.000175921992937,45,484,-633.600496316,-691.853346518,14.8203497186,-1.1942536664e-16,0.148230501926,1.15978019712,8.12910742096e-05,0.998078600931,-661.823677941
-636.492400522,-0.00200295363911,0.00200295363911,45,485,-638.949222623,-690.091109121,12.9989587501,-2.39800009914e-17,0.150387400613,1.16228442522,0.000497475541284,0.998085345556,-667.450465658
-647.241594785,-0.000550951287835,0.000550951287835,44,486,-639.311823179,-692.697444364,11.9354301441,-4.72413335432e-17,0.15463119017,1.16722739677,0.00011357205569,0.9982457428,-668.019428061
-629.743940666,-0.000582790187256,0.000582790187256,45,487,-634.69401979,-690.954374921,13.5051847935,4.1874165221e-17,0.151121692145,1.16313819425,0.00020418929402,0.998131670535,-663.101767804
-628.501119627,-0.000294697174164,0.000294697174164,45,488,-635.357623653,-708.127675097,17.0007858715,-1.56569913729e-17,0.148210483973,1.15975698093,1.87514218008e-05,0.997606546998,-663.78568994
-634.072452474,-8.55517977366e-05,8.55517977365e-05,45,489,-634.712686701,-695.84047671,14.2925988804,-1.13887394139e-16,0.151013511243,1.16301237172,0.000819796514948,0.998239303722,-662.908585745
-630.877418806,-0.000733965628597,0.000733965628597,45,490,-635.466608391,-697.348298634,12.7037631501,-6.48485167803e-17,0.150894217236,1.16287363959,0.00014496995354,0.998377587489,-663.65183293
-634.261627309,-0.000877129842771,0.000877129842771,44,491,-637.422293782,-701.219615207,14.6363576012,1.40600476852e-17,0.157644596004,1.17075003152,3.43525404161e-05,0.998195746685,-665.796263161
-633.817902092,-0.000276857197704,0.000276857197704,45,492,-636.003608636,-693.286032117,13.1734227435,-1.51347878014e-17,0.150002098536,1.16183668088,0.000103911576486,0.998251573123,-664.450217105
-633.391931005,-0.000700394100682,0.000700394100682,45,493,-635.971730929,-698.294013677,14.3907453049,-2.50183898176e-17,0.155635145826,1.16839982976,0.000339438584416,0.99835707706,-664.20498519
-634.112568112,-0.000660009484377,0.000660009484377,45,494,-635.886950199,-699.943048802,15.4972947333,-6.46021814878e-17,0.1585018568,1.17175409994,0.00050873665355,0.997697952554,-664.184643326
-636.307035239,-0.00857122559108,0.00857122559108,45,495,-638.00295451,-701.668827969,16.59227579,1.02075450249e-16,0.159913282033,1.17340911093,0.000495006807926,0.997668442286,-666.440739245
-635.019587828,-0.000352844789837,0.000352844789837,45,496,-632.925384017,-696.350748666,14.0003863467,1.56045756778e-17,0.156314149646,1.16919344711,0.000453238272084,0.998244015693,-661.119347236
-638.105789848,-0.00137038355744,0.00137038355744,43,497,-637.69197193,-712.397450094,15.1824360725,7.71134926714e-18,0.159525867645,1.1729546034,0.000109839108395,0.997854122525,-666.210472953
-633.320551101,-0.000803072207263,0.000803072207263,44,498,-635.187941566,-701.143793835,14.7863870444,6.03516412273e-17,0.149547710999,1.1613088767,3.95726313758e-05,0.998065143064,-663.721815125
-640.211147494,-0.000291359413848,0.000291359413848,45,499,-638.434797661,-698.18273357,13.5149974934,3.21026817509e-17,0.156453329654,1.16935618679,3.49995733112e-05,0.997883257897,-667.030545887
